Event Index,UTC Timestamp,UTC Date and Time,Local Timestamp,Local Timezone,Local Date and Time,Experiment ID,Experiment Version,Tree Node Key,Repeat Key,Schedule ID,Participant Public ID,Participant Private ID,Participant Starting Group,Participant Status,Participant Completion Code,Participant External Session ID,Participant Device Type,Participant Device,Participant OS,Participant Browser,Participant Monitor Size,Participant Viewport Size,Checkpoint,Room ID,Room Order,Task Name,Task Version,randomiser-mcsp,Randomise questionnaire elements?,Question Key,Response
1,1678170386901,07/03/2023 06:26:26,1678170384580,0,07/03/2023 06:26:24,80062,4,questionnaire-nvwz,,27885452,y3gkn5f5,8282652,,complete,,,computer,Desktop or Laptop,Chromium OS 14541.0.0,Chrome 110.0.0.0,1536x864,1536x746,,,,Consent form,3,"YES=right arrow,",No,BEGIN QUESTIONNAIRE,
2,1678170394864,07/03/2023 06:26:34,1678170392356,0,07/03/2023 06:26:32,80062,4,questionnaire-nvwz,,27885452,y3gkn5f5,8282652,,complete,,,computer,Desktop or Laptop,Chromium OS 14541.0.0,Chrome 110.0.0.0,1536x864,1536x746,,,,Consent form,3,"YES=right arrow,",No,consent,1
3,1678170395027,07/03/2023 06:26:35,1678170392358,0,07/03/2023 06:26:32,80062,4,questionnaire-nvwz,,27885452,y3gkn5f5,8282652,,complete,,,computer,Desktop or Laptop,Chromium OS 14541.0.0,Chrome 110.0.0.0,1536x864,1536x746,,,,Consent form,3,"YES=right arrow,",No,END QUESTIONNAIRE,7779
1,1677793935070,02/03/2023 21:52:15,1677793934859,-5,02/03/2023 16:52:14,80062,4,questionnaire-nvwz,,27755908,em4j59ow,8248485,,complete,,,computer,Desktop or Laptop,Windows 10,Chrome 110.0.0.0,1280x720,1266x591,,,,Consent form,3,"YES=right arrow,",No,BEGIN QUESTIONNAIRE,
2,1677793949066,02/03/2023 21:52:29,1677793948822,-5,02/03/2023 16:52:28,80062,4,questionnaire-nvwz,,27755908,em4j59ow,8248485,,complete,,,computer,Desktop or Laptop,Windows 10,Chrome 110.0.0.0,1280x720,1249x591,,,,Consent form,3,"YES=right arrow,",No,consent,1
3,1677793949187,02/03/2023 21:52:29,1677793948824,-5,02/03/2023 16:52:28,80062,4,questionnaire-nvwz,,27755908,em4j59ow,8248485,,complete,,,computer,Desktop or Laptop,Windows 10,Chrome 110.0.0.0,1280x720,1249x591,,,,Consent form,3,"YES=right arrow,",No,END QUESTIONNAIRE,13965
1,1676584413101,16/02/2023 21:53:33,1676584413797,-6,16/02/2023 15:53:33,80062,4,questionnaire-nvwz,,27276134,qw3e6bqr,8107650,,complete,,,computer,Desktop or Laptop,Windows 10,Chrome 110.0.0.0,1280x720,1280x569,,,,Consent form,3,"YES=right arrow,",No,BEGIN QUESTIONNAIRE,
2,1676584432974,16/02/2023 21:53:52,1676584433712,-6,16/02/2023 15:53:53,80062,4,questionnaire-nvwz,,27276134,qw3e6bqr,8107650,,complete,,,computer,Desktop or Laptop,Windows 10,Chrome 110.0.0.0,1280x720,1263x569,,,,Consent form,3,"YES=right arrow,",No,consent,1
3,1676584433219,16/02/2023 21:53:53,1676584433715,-6,16/02/2023 15:53:53,80062,4,questionnaire-nvwz,,27276134,qw3e6bqr,8107650,,complete,,,computer,Desktop or Laptop,Windows 10,Chrome 110.0.0.0,1280x720,1263x569,,,,Consent form,3,"YES=right arrow,",No,END QUESTIONNAIRE,19918
1,1676977644787,21/02/2023 11:07:24,1676977643605,0,21/02/2023 11:07:23,80062,4,questionnaire-nvwz,,27399417,au5pchsq,8142456,,complete,,,computer,Desktop or Laptop,Mac OS 10.15.7,Chrome 108.0.0.0,1280x800,1280x636,,,,Consent form,3,"YES=right arrow,",No,BEGIN QUESTIONNAIRE,
2,1676977685443,21/02/2023 11:08:05,1676977684189,0,21/02/2023 11:08:04,80062,4,questionnaire-nvwz,,27399417,au5pchsq,8142456,,complete,,,computer,Desktop or Laptop,Mac OS 10.15.7,Chrome 108.0.0.0,1280x800,1265x636,,,,Consent form,3,"YES=right arrow,",No,consent,1
3,1676977686085,21/02/2023 11:08:06,1676977684191,0,21/02/2023 11:08:04,80062,4,questionnaire-nvwz,,27399417,au5pchsq,8142456,,complete,,,computer,Desktop or Laptop,Mac OS 10.15.7,Chrome 108.0.0.0,1280x800,1265x636,,,,Consent form,3,"YES=right arrow,",No,END QUESTIONNAIRE,40586
1,1677545947803,28/02/2023 00:59:07,1677545946356,0,28/02/2023 00:59:06,80062,4,questionnaire-nvwz,,27613739,205fbu5c,8210449,,complete,,,computer,Desktop or Laptop,Mac OS 10.15.7,Safari 16.3,1512x982,1512x893,,,,Consent form,3,"YES=right arrow,",No,BEGIN QUESTIONNAIRE,
2,1677545952666,28/02/2023 00:59:12,1677545951269,0,28/02/2023 00:59:11,80062,4,questionnaire-nvwz,,27613739,205fbu5c,8210449,,complete,,,computer,Desktop or Laptop,Mac OS 10.15.7,Safari 16.3,1512x982,1512x893,,,,Consent form,3,"YES=right arrow,",No,consent,1
3,1677545952747,28/02/2023 00:59:12,1677545951271,0,28/02/2023 00:59:11,80062,4,questionnaire-nvwz,,27613739,205fbu5c,8210449,,complete,,,computer,Desktop or Laptop,Mac OS 10.15.7,Safari 16.3,1512x982,1512x893,,,,Consent form,3,"YES=right arrow,",No,END QUESTIONNAIRE,4915
1,1671543036951,20/12/2022 13:30:36,1671543036532,11,21/12/2022 00:30:36,80062,4,questionnaire-nvwz,,26044045,v0y6xu43,7690385,,complete,,,computer,Desktop or Laptop,Windows 10,Chrome 108.0.0.0,1536x960,1536x752,,,,Consent form,3,"YES=right arrow,",No,BEGIN QUESTIONNAIRE,
2,1671543107753,20/12/2022 13:31:47,1671543107392,11,21/12/2022 00:31:47,80062,4,questionnaire-nvwz,,26044045,v0y6xu43,7690385,,complete,,,computer,Desktop or Laptop,Windows 10,Chrome 108.0.0.0,1536x960,1519x752,,,,Consent form,3,"YES=right arrow,",No,consent,1
3,1671543108050,20/12/2022 13:31:48,1671543107393,11,21/12/2022 00:31:47,80062,4,questionnaire-nvwz,,26044045,v0y6xu43,7690385,,complete,,,computer,Desktop or Laptop,Windows 10,Chrome 108.0.0.0,1536x960,1519x752,,,,Consent form,3,"YES=right arrow,",No,END QUESTIONNAIRE,70862
1,1672358910523,30/12/2022 00:08:30,1672358910384,1,30/12/2022 01:08:30,80062,4,questionnaire-nvwz,,26157672,o26hhhvh,7722067,,complete,,,computer,Desktop or Laptop,Mac OS 10.15.7,Opera 94.0.0.0,2048x1152,1977x945,,,,Consent form,3,"YES=right arrow,",No,BEGIN QUESTIONNAIRE,
2,1672359093650,30/12/2022 00:11:33,1672359093523,1,30/12/2022 01:11:33,80062,4,questionnaire-nvwz,,26157672,o26hhhvh,7722067,,complete,,,computer,Desktop or Laptop,Mac OS 10.15.7,Opera 94.0.0.0,2048x1152,1977x945,,,,Consent form,3,"YES=right arrow,",No,consent,1
3,1672359093698,30/12/2022 00:11:33,1672359093524,1,30/12/2022 01:11:33,80062,4,questionnaire-nvwz,,26157672,o26hhhvh,7722067,,complete,,,computer,Desktop or Laptop,Mac OS 10.15.7,Opera 94.0.0.0,2048x1152,1977x945,,,,Consent form,3,"YES=right arrow,",No,END QUESTIONNAIRE,183140
1,1672804784934,04/01/2023 03:59:44,1672804784966,11,04/01/2023 14:59:44,80062,4,questionnaire-nvwz,,26192607,df20d1t5,7733439,,complete,,,computer,Desktop or Laptop,Windows 10,Chrome 108.0.0.0,1920x1080,1920x880,,,,Consent form,3,"YES=right arrow,",No,BEGIN QUESTIONNAIRE,
2,1672804802447,04/01/2023 04:00:02,1672804802515,11,04/01/2023 15:00:02,80062,4,questionnaire-nvwz,,26192607,df20d1t5,7733439,,complete,,,computer,Desktop or Laptop,Windows 10,Chrome 108.0.0.0,1920x1080,1903x880,,,,Consent form,3,"YES=right arrow,",No,consent,1
3,1672804802783,04/01/2023 04:00:02,1672804802516,11,04/01/2023 15:00:02,80062,4,questionnaire-nvwz,,26192607,df20d1t5,7733439,,complete,,,computer,Desktop or Laptop,Windows 10,Chrome 108.0.0.0,1920x1080,1903x880,,,,Consent form,3,"YES=right arrow,",No,END QUESTIONNAIRE,17551
1,1673536066930,12/01/2023 15:07:46,1673536066623,1,12/01/2023 16:07:46,80062,4,questionnaire-nvwz,,26346158,t3iun84y,7777550,,complete,,,computer,Desktop or Laptop,Mac OS 10.15.7,Chrome 108.0.0.0,1920x1080,1920x1001,,,,Consent form,3,"YES=right arrow,",No,BEGIN QUESTIONNAIRE,
2,1673536087202,12/01/2023 15:08:07,1673536086883,1,12/01/2023 16:08:06,80062,4,questionnaire-nvwz,,26346158,t3iun84y,7777550,,complete,,,computer,Desktop or Laptop,Mac OS 10.15.7,Chrome 108.0.0.0,1920x1080,1905x1001,,,,Consent form,3,"YES=right arrow,",No,consent,1
3,1673536087285,12/01/2023 15:08:07,1673536086884,1,12/01/2023 16:08:06,80062,4,questionnaire-nvwz,,26346158,t3iun84y,7777550,,complete,,,computer,Desktop or Laptop,Mac OS 10.15.7,Chrome 108.0.0.0,1920x1080,1905x1001,,,,Consent form,3,"YES=right arrow,",No,END QUESTIONNAIRE,20261
1,1674367200890,22/01/2023 06:00:00,1674367201467,-5,22/01/2023 01:00:01,80062,4,questionnaire-nvwz,,26538878,gvnybaqj,7843222,,complete,,,computer,Desktop or Laptop,Windows 10,Edge 109.0.1518.55,1920x1080,1920x937,,,,Consent form,3,"YES=right arrow,",No,BEGIN QUESTIONNAIRE,
2,1674367218138,22/01/2023 06:00:18,1674367218599,-5,22/01/2023 01:00:18,80062,4,questionnaire-nvwz,,26538878,gvnybaqj,7843222,,complete,,,computer,Desktop or Laptop,Windows 10,Edge 109.0.1518.55,1920x1080,1903x937,,,,Consent form,3,"YES=right arrow,",No,consent,1
3,1674367218284,22/01/2023 06:00:18,1674367218600,-5,22/01/2023 01:00:18,80062,4,questionnaire-nvwz,,26538878,gvnybaqj,7843222,,complete,,,computer,Desktop or Laptop,Windows 10,Edge 109.0.1518.55,1920x1080,1903x937,,,,Consent form,3,"YES=right arrow,",No,END QUESTIONNAIRE,17133
1,1674502076988,23/01/2023 19:27:56,1674502074885,-5,23/01/2023 14:27:54,80062,4,questionnaire-nvwz,,26574508,5im68qfu,7856465,,complete,,,computer,Desktop or Laptop,Mac OS 10.15.7,Chrome 108.0.0.0,1440x900,1218x724,,,,Consent form,3,"YES=right arrow,",No,BEGIN QUESTIONNAIRE,
2,1674502080511,23/01/2023 19:28:00,1674502078434,-5,23/01/2023 14:27:58,80062,4,questionnaire-nvwz,,26574508,5im68qfu,7856465,,complete,,,computer,Desktop or Laptop,Mac OS 10.15.7,Chrome 108.0.0.0,1440x900,1218x724,,,,Consent form,3,"YES=right arrow,",No,consent,1
3,1674502080620,23/01/2023 19:28:00,1674502078436,-5,23/01/2023 14:27:58,80062,4,questionnaire-nvwz,,26574508,5im68qfu,7856465,,complete,,,computer,Desktop or Laptop,Mac OS 10.15.7,Chrome 108.0.0.0,1440x900,1218x724,,,,Consent form,3,"YES=right arrow,",No,END QUESTIONNAIRE,3550
1,1674853351022,27/01/2023 21:02:31,1674853350945,0,27/01/2023 21:02:30,80062,4,questionnaire-nvwz,,26723689,updc7e2r,7928832,,complete,,,computer,Desktop or Laptop,Mac OS 10.15.7,Safari 16.1,1440x900,1253x727,,,,Consent form,3,"YES=right arrow,",No,BEGIN QUESTIONNAIRE,
2,1674853391639,27/01/2023 21:03:11,1674853391564,0,27/01/2023 21:03:11,80062,4,questionnaire-nvwz,,26723689,updc7e2r,7928832,,complete,,,computer,Desktop or Laptop,Mac OS 10.15.7,Safari 16.1,1440x900,1253x727,,,,Consent form,3,"YES=right arrow,",No,consent,1
3,1674853391720,27/01/2023 21:03:11,1674853391567,0,27/01/2023 21:03:11,80062,4,questionnaire-nvwz,,26723689,updc7e2r,7928832,,complete,,,computer,Desktop or Laptop,Mac OS 10.15.7,Safari 16.1,1440x900,1253x727,,,,Consent form,3,"YES=right arrow,",No,END QUESTIONNAIRE,40622
1,1660440764396,14/08/2022 01:32:44,1660440764312,2,14/08/2022 03:32:44,80062,4,questionnaire-nvwz,,23608450,983tg1pz,6917773,,complete,,,computer,Desktop or Laptop,Windows 10,Chrome 103.0.0.0,1280x720,1280x601,,,,Consent form,3,"YES=right arrow,",No,BEGIN QUESTIONNAIRE,
2,1660440925927,14/08/2022 01:35:25,1660440925811,2,14/08/2022 03:35:25,80062,4,questionnaire-nvwz,,23608450,983tg1pz,6917773,,complete,,,computer,Desktop or Laptop,Windows 10,Chrome 103.0.0.0,1280x720,1263x601,,,,Consent form,3,"YES=right arrow,",No,consent,1
3,1660440925990,14/08/2022 01:35:25,1660440925814,2,14/08/2022 03:35:25,80062,4,questionnaire-nvwz,,23608450,983tg1pz,6917773,,complete,,,computer,Desktop or Laptop,Windows 10,Chrome 103.0.0.0,1280x720,1263x601,,,,Consent form,3,"YES=right arrow,",No,END QUESTIONNAIRE,161502
1,1661650077585,28/08/2022 01:27:57,1661650077463,-4,27/08/2022 21:27:57,80062,4,questionnaire-nvwz,,23875460,i3zden1x,7030834,,complete,,,computer,Desktop or Laptop,Windows 10,Chrome 104.0.0.0,1536x864,1536x714,,,,Consent form,3,"YES=right arrow,",No,BEGIN QUESTIONNAIRE,
2,1661650111041,28/08/2022 01:28:31,1661650110967,-4,27/08/2022 21:28:30,80062,4,questionnaire-nvwz,,23875460,i3zden1x,7030834,,complete,,,computer,Desktop or Laptop,Windows 10,Chrome 104.0.0.0,1536x864,1519x714,,,,Consent form,3,"YES=right arrow,",No,consent,1
3,1661650111171,28/08/2022 01:28:31,1661650110968,-4,27/08/2022 21:28:30,80062,4,questionnaire-nvwz,,23875460,i3zden1x,7030834,,complete,,,computer,Desktop or Laptop,Windows 10,Chrome 104.0.0.0,1536x864,1519x714,,,,Consent form,3,"YES=right arrow,",No,END QUESTIONNAIRE,33505
1,1662134262990,02/09/2022 15:57:42,1662134263291,2,02/09/2022 17:57:43,80062,4,questionnaire-nvwz,,23954912,h0x0auyk,7062597,,complete,,,computer,Desktop or Laptop,Windows 10,Chrome 104.0.0.0,1366x768,1366x625,,,,Consent form,3,"YES=right arrow,",No,BEGIN QUESTIONNAIRE,
2,1662134274762,02/09/2022 15:57:54,1662134275166,2,02/09/2022 17:57:55,80062,4,questionnaire-nvwz,,23954912,h0x0auyk,7062597,,complete,,,computer,Desktop or Laptop,Windows 10,Chrome 104.0.0.0,1366x768,1349x625,,,,Consent form,3,"YES=right arrow,",No,consent,1
3,1662134274874,02/09/2022 15:57:54,1662134275168,2,02/09/2022 17:57:55,80062,4,questionnaire-nvwz,,23954912,h0x0auyk,7062597,,complete,,,computer,Desktop or Laptop,Windows 10,Chrome 104.0.0.0,1366x768,1349x625,,,,Consent form,3,"YES=right arrow,",No,END QUESTIONNAIRE,11877
1,1666207043113,19/10/2022 19:17:23,1666207042282,-5,19/10/2022 14:17:22,80062,4,questionnaire-nvwz,,24695165,9vi2ebvk,7290937,,complete,,,computer,Desktop or Laptop,Windows 10,Chrome 106.0.0.0,1366x768,1366x629,,,,Consent form,3,"YES=right arrow,",No,BEGIN QUESTIONNAIRE,
2,1666207180745,19/10/2022 19:19:40,1666207179974,-5,19/10/2022 14:19:39,80062,4,questionnaire-nvwz,,24695165,9vi2ebvk,7290937,,complete,,,computer,Desktop or Laptop,Windows 10,Chrome 106.0.0.0,1366x768,1349x629,,,,Consent form,3,"YES=right arrow,",No,consent,1
3,1666207181029,19/10/2022 19:19:41,1666207179975,-5,19/10/2022 14:19:39,80062,4,questionnaire-nvwz,,24695165,9vi2ebvk,7290937,,complete,,,computer,Desktop or Laptop,Windows 10,Chrome 106.0.0.0,1366x768,1349x629,,,,Consent form,3,"YES=right arrow,",No,END QUESTIONNAIRE,137693
1,1667924135344,08/11/2022 16:15:35,1667924135226,-5,08/11/2022 11:15:35,80062,4,questionnaire-nvwz,,25109712,whpae27q,7415430,,complete,,,computer,Desktop or Laptop,Windows 10,Chrome 106.0.0.0,1920x1200,1920x1032,,,,Consent form,3,"YES=right arrow,",No,BEGIN QUESTIONNAIRE,
2,1667924156511,08/11/2022 16:15:56,1667924156442,-5,08/11/2022 11:15:56,80062,4,questionnaire-nvwz,,25109712,whpae27q,7415430,,complete,,,computer,Desktop or Laptop,Windows 10,Chrome 106.0.0.0,1920x1200,1903x1032,,,,Consent form,3,"YES=right arrow,",No,consent,1
3,1667924156642,08/11/2022 16:15:56,1667924156443,-5,08/11/2022 11:15:56,80062,4,questionnaire-nvwz,,25109712,whpae27q,7415430,,complete,,,computer,Desktop or Laptop,Windows 10,Chrome 106.0.0.0,1920x1200,1903x1032,,,,Consent form,3,"YES=right arrow,",No,END QUESTIONNAIRE,21217
1,1674485421792,23/01/2023 14:50:21,1674485546860,1,23/01/2023 15:52:26,80062,4,questionnaire-nvwz,,26563560,3yfjgpmy,7852342,,complete,,,computer,Desktop or Laptop,Windows 10,Chrome 108.0.0.0,1280x720,1280x569,,,,Consent form,3,"YES=left arrow,",No,BEGIN QUESTIONNAIRE,
2,1674485426216,23/01/2023 14:50:26,1674485551319,1,23/01/2023 15:52:31,80062,4,questionnaire-nvwz,,26563560,3yfjgpmy,7852342,,complete,,,computer,Desktop or Laptop,Windows 10,Chrome 108.0.0.0,1280x720,1263x569,,,,Consent form,3,"YES=left arrow,",No,consent,1
3,1674485426303,23/01/2023 14:50:26,1674485551320,1,23/01/2023 15:52:31,80062,4,questionnaire-nvwz,,26563560,3yfjgpmy,7852342,,complete,,,computer,Desktop or Laptop,Windows 10,Chrome 108.0.0.0,1280x720,1263x569,,,,Consent form,3,"YES=left arrow,",No,END QUESTIONNAIRE,4460
1,1675102364140,30/01/2023 18:12:44,1675102370121,0,30/01/2023 18:12:50,80062,4,questionnaire-nvwz,,26786633,warzddcf,7951390,,complete,,,computer,Desktop or Laptop,Windows 7,Firefox 109.0,1920x1080,1920x927,,,,Consent form,3,"YES=left arrow,",No,BEGIN QUESTIONNAIRE,
2,1675102540578,30/01/2023 18:15:40,1675102546548,0,30/01/2023 18:15:46,80062,4,questionnaire-nvwz,,26786633,warzddcf,7951390,,complete,,,computer,Desktop or Laptop,Windows 7,Firefox 109.0,1920x1080,1903x927,,,,Consent form,3,"YES=left arrow,",No,consent,1
3,1675102540646,30/01/2023 18:15:40,1675102546553,0,30/01/2023 18:15:46,80062,4,questionnaire-nvwz,,26786633,warzddcf,7951390,,complete,,,computer,Desktop or Laptop,Windows 7,Firefox 109.0,1920x1080,1903x927,,,,Consent form,3,"YES=left arrow,",No,END QUESTIONNAIRE,176432
1,1678394162004,09/03/2023 20:36:02,1678394159573,-5,09/03/2023 15:35:59,80062,4,questionnaire-nvwz,,27995252,xxztzzs6,8314237,,complete,,,computer,Desktop or Laptop,Windows 10,Chrome 111.0.0.0,1366x768,1366x657,,,,Consent form,3,"YES=left arrow,",No,BEGIN QUESTIONNAIRE,
2,1678394175822,09/03/2023 20:36:15,1678394173259,-5,09/03/2023 15:36:13,80062,4,questionnaire-nvwz,,27995252,xxztzzs6,8314237,,complete,,,computer,Desktop or Laptop,Windows 10,Chrome 111.0.0.0,1366x768,1349x657,,,,Consent form,3,"YES=left arrow,",No,consent,1
3,1678394175960,09/03/2023 20:36:15,1678394173262,-5,09/03/2023 15:36:13,80062,4,questionnaire-nvwz,,27995252,xxztzzs6,8314237,,complete,,,computer,Desktop or Laptop,Windows 10,Chrome 111.0.0.0,1366x768,1349x657,,,,Consent form,3,"YES=left arrow,",No,END QUESTIONNAIRE,13689
1,1679460501921,22/03/2023 04:48:21,1679460501780,-6,21/03/2023 22:48:21,80062,4,questionnaire-nvwz,,28321218,2p8ctus2,8412976,,complete,,,computer,Desktop or Laptop,Mac OS 10.11.6,Chrome 103.0.0.0,1280x800,1280x721,,,,Consent form,3,"YES=left arrow,",No,BEGIN QUESTIONNAIRE,
2,1679460563162,22/03/2023 04:49:23,1679460563047,-6,21/03/2023 22:49:23,80062,4,questionnaire-nvwz,,28321218,2p8ctus2,8412976,,complete,,,computer,Desktop or Laptop,Mac OS 10.11.6,Chrome 103.0.0.0,1280x800,1280x721,,,,Consent form,3,"YES=left arrow,",No,consent,1
3,1679460563345,22/03/2023 04:49:23,1679460563049,-6,21/03/2023 22:49:23,80062,4,questionnaire-nvwz,,28321218,2p8ctus2,8412976,,complete,,,computer,Desktop or Laptop,Mac OS 10.11.6,Chrome 103.0.0.0,1280x800,1280x721,,,,Consent form,3,"YES=left arrow,",No,END QUESTIONNAIRE,61269
1,1684492612269,19/05/2023 10:36:52,1684492613577,1,19/05/2023 11:36:53,80062,4,questionnaire-nvwz,,29608873,pyggqe1y,8805143,,complete,,,computer,Desktop or Laptop,Windows 10,Chrome 113.0.0.0,1536x864,1536x754,,,,Consent form,3,"YES=right arrow,",No,BEGIN QUESTIONNAIRE,
2,1684492724326,19/05/2023 10:38:44,1684492725665,1,19/05/2023 11:38:45,80062,4,questionnaire-nvwz,,29608873,pyggqe1y,8805143,,complete,,,computer,Desktop or Laptop,Windows 10,Chrome 113.0.0.0,1536x864,1519x754,,,,Consent form,3,"YES=right arrow,",No,consent,1
3,1684492724376,19/05/2023 10:38:44,1684492725666,1,19/05/2023 11:38:45,80062,4,questionnaire-nvwz,,29608873,pyggqe1y,8805143,,complete,,,computer,Desktop or Laptop,Windows 10,Chrome 113.0.0.0,1536x864,1519x754,,,,Consent form,3,"YES=right arrow,",No,END QUESTIONNAIRE,112089
1,1684501095931,19/05/2023 12:58:15,1684501093573,1,19/05/2023 13:58:13,80062,4,questionnaire-nvwz,,29618271,d8skyd4a,8806345,,complete,,,computer,Desktop or Laptop,Windows 10,Chrome 113.0.0.0,1920x1080,1920x969,,,,Consent form,3,"YES=left arrow,",No,BEGIN QUESTIONNAIRE,
2,1684501102423,19/05/2023 12:58:22,1684501100090,1,19/05/2023 13:58:20,80062,4,questionnaire-nvwz,,29618271,d8skyd4a,8806345,,complete,,,computer,Desktop or Laptop,Windows 10,Chrome 113.0.0.0,1920x1080,1903x969,,,,Consent form,3,"YES=left arrow,",No,consent,1
3,1684501102508,19/05/2023 12:58:22,1684501100091,1,19/05/2023 13:58:20,80062,4,questionnaire-nvwz,,29618271,d8skyd4a,8806345,,complete,,,computer,Desktop or Laptop,Windows 10,Chrome 113.0.0.0,1920x1080,1903x969,,,,Consent form,3,"YES=left arrow,",No,END QUESTIONNAIRE,6518
1,1684510700515,19/05/2023 15:38:20,1684510700201,-6,19/05/2023 09:38:20,80062,4,questionnaire-nvwz,,29622243,facy3gnw,8807428,,complete,,,computer,Desktop or Laptop,Mac OS 10.15.7,Chrome 112.0.0.0,1512x982,1512x834,,,,Consent form,3,"YES=left arrow,",No,BEGIN QUESTIONNAIRE,
2,1684510717494,19/05/2023 15:38:37,1684510717306,-6,19/05/2023 09:38:37,80062,4,questionnaire-nvwz,,29622243,facy3gnw,8807428,,complete,,,computer,Desktop or Laptop,Mac OS 10.15.7,Chrome 112.0.0.0,1512x982,1512x834,,,,Consent form,3,"YES=left arrow,",No,consent,1
3,1684510717682,19/05/2023 15:38:37,1684510717308,-6,19/05/2023 09:38:37,80062,4,questionnaire-nvwz,,29622243,facy3gnw,8807428,,complete,,,computer,Desktop or Laptop,Mac OS 10.15.7,Chrome 112.0.0.0,1512x982,1512x834,,,,Consent form,3,"YES=left arrow,",No,END QUESTIONNAIRE,17107
1,1650023171902,15/04/2022 11:46:11,1650023171693,4,15/04/2022 15:46:11,80062,4,questionnaire-nvwz,,21321702,c02szjxp,6308424,,complete,,,computer,Desktop or Laptop,Linux x86_64,Chrome 100.0.4896.88,1920x1080,1920x943,,,,Consent form,3,"YES=left arrow,",No,BEGIN QUESTIONNAIRE,
2,1650023181496,15/04/2022 11:46:21,1650023181239,4,15/04/2022 15:46:21,80062,4,questionnaire-nvwz,,21321702,c02szjxp,6308424,,complete,,,computer,Desktop or Laptop,Linux x86_64,Chrome 100.0.4896.88,1920x1080,1905x943,,,,Consent form,3,"YES=left arrow,",No,consent,1
3,1650023181778,15/04/2022 11:46:21,1650023181244,4,15/04/2022 15:46:21,80062,4,questionnaire-nvwz,,21321702,c02szjxp,6308424,,complete,,,computer,Desktop or Laptop,Linux x86_64,Chrome 100.0.4896.88,1920x1080,1905x943,,,,Consent form,3,"YES=left arrow,",No,END QUESTIONNAIRE,9551
1,1653055933518,20/05/2022 14:12:13,1653055933653,1,20/05/2022 15:12:13,80062,4,questionnaire-nvwz,,22010571,31w3jf6g,6495949,,complete,,,computer,Desktop or Laptop,Windows 10,Firefox 100.0,1366x768,1366x643,,,,Consent form,3,"YES=left arrow,",No,BEGIN QUESTIONNAIRE,
2,1653055991810,20/05/2022 14:13:11,1653055991934,1,20/05/2022 15:13:11,80062,4,questionnaire-nvwz,,22010571,31w3jf6g,6495949,,complete,,,computer,Desktop or Laptop,Windows 10,Firefox 100.0,1366x768,1349x643,,,,Consent form,3,"YES=left arrow,",No,consent,1
3,1653055992003,20/05/2022 14:13:12,1653055991936,1,20/05/2022 15:13:11,80062,4,questionnaire-nvwz,,22010571,31w3jf6g,6495949,,complete,,,computer,Desktop or Laptop,Windows 10,Firefox 100.0,1366x768,1349x643,,,,Consent form,3,"YES=left arrow,",No,END QUESTIONNAIRE,58283
1,1653166408509,21/05/2022 20:53:28,1653166406834,1,21/05/2022 21:53:26,80062,4,questionnaire-nvwz,,22028090,5a9u3lvk,6499483,,complete,,,computer,Desktop or Laptop,Windows 10,Chrome 101.0.4951.64,1366x768,1366x657,,,,Consent form,3,"YES=left arrow,",No,BEGIN QUESTIONNAIRE,
2,1653166502238,21/05/2022 20:55:02,1653166500530,1,21/05/2022 21:55:00,80062,4,questionnaire-nvwz,,22028090,5a9u3lvk,6499483,,complete,,,computer,Desktop or Laptop,Windows 10,Chrome 101.0.4951.64,1366x768,1349x657,,,,Consent form,3,"YES=left arrow,",No,consent,1
3,1653166502312,21/05/2022 20:55:02,1653166500532,1,21/05/2022 21:55:00,80062,4,questionnaire-nvwz,,22028090,5a9u3lvk,6499483,,complete,,,computer,Desktop or Laptop,Windows 10,Chrome 101.0.4951.64,1366x768,1349x657,,,,Consent form,3,"YES=left arrow,",No,END QUESTIONNAIRE,93698
1,1653941494424,30/05/2022 20:11:34,1653941494357,1,30/05/2022 21:11:34,80062,4,questionnaire-nvwz,,22172515,eszfnmcy,6540955,,complete,,,computer,Desktop or Laptop,Windows 10,Chrome 102.0.5005.62,1229x692,1229x550,,,,Consent form,3,"YES=right arrow,",No,BEGIN QUESTIONNAIRE,
2,1653941542821,30/05/2022 20:12:22,1653941542713,1,30/05/2022 21:12:22,80062,4,questionnaire-nvwz,,22172515,eszfnmcy,6540955,,complete,,,computer,Desktop or Laptop,Windows 10,Chrome 102.0.5005.62,1229x692,1213x550,,,,Consent form,3,"YES=right arrow,",No,consent,1
3,1653941542868,30/05/2022 20:12:22,1653941542718,1,30/05/2022 21:12:22,80062,4,questionnaire-nvwz,,22172515,eszfnmcy,6540955,,complete,,,computer,Desktop or Laptop,Windows 10,Chrome 102.0.5005.62,1229x692,1213x550,,,,Consent form,3,"YES=right arrow,",No,END QUESTIONNAIRE,48361
1,1655999342604,23/06/2022 15:49:02,1655999342543,1,23/06/2022 16:49:02,80062,4,questionnaire-nvwz,,22736202,rs8r1sks,6673504,,complete,,,computer,Desktop or Laptop,Windows 10,Firefox 89.0,2560x1440,2560x1339,,,,Consent form,3,"YES=right arrow,",No,BEGIN QUESTIONNAIRE,
2,1655999383405,23/06/2022 15:49:43,1655999383369,1,23/06/2022 16:49:43,80062,4,questionnaire-nvwz,,22736202,rs8r1sks,6673504,,complete,,,computer,Desktop or Laptop,Windows 10,Firefox 89.0,2560x1440,2560x1339,,,,Consent form,3,"YES=right arrow,",No,consent,1
3,1655999383464,23/06/2022 15:49:43,1655999383370,1,23/06/2022 16:49:43,80062,4,questionnaire-nvwz,,22736202,rs8r1sks,6673504,,complete,,,computer,Desktop or Laptop,Windows 10,Firefox 89.0,2560x1440,2560x1339,,,,Consent form,3,"YES=right arrow,",No,END QUESTIONNAIRE,40827
1,1656691507413,01/07/2022 16:05:07,1656691508917,-4,01/07/2022 12:05:08,80062,4,questionnaire-nvwz,,22906140,2d3bcdfm,6715819,,complete,,,computer,Desktop or Laptop,Windows 10,Chrome 103.0.0.0,1920x1080,960x468,,,,Consent form,3,"YES=right arrow,",No,BEGIN QUESTIONNAIRE,
2,1656691525890,01/07/2022 16:05:25,1656691527572,-4,01/07/2022 12:05:27,80062,4,questionnaire-nvwz,,22906140,2d3bcdfm,6715819,,complete,,,computer,Desktop or Laptop,Windows 10,Chrome 103.0.0.0,1920x1080,951x468,,,,Consent form,3,"YES=right arrow,",No,consent,1
3,1656691526034,01/07/2022 16:05:26,1656691527573,-4,01/07/2022 12:05:27,80062,4,questionnaire-nvwz,,22906140,2d3bcdfm,6715819,,complete,,,computer,Desktop or Laptop,Windows 10,Chrome 103.0.0.0,1920x1080,951x468,,,,Consent form,3,"YES=right arrow,",No,END QUESTIONNAIRE,18656
1,1657118078082,06/07/2022 14:34:38,1657118077904,2,06/07/2022 16:34:37,80062,4,questionnaire-nvwz,,22973688,zk0d9usn,6737198,,complete,,,computer,Desktop or Laptop,Windows 10,Chrome 102.0.0.0,1280x720,1280x569,,,,Consent form,3,"YES=right arrow,",No,BEGIN QUESTIONNAIRE,
2,1657118112549,06/07/2022 14:35:12,1657118112401,2,06/07/2022 16:35:12,80062,4,questionnaire-nvwz,,22973688,zk0d9usn,6737198,,complete,,,computer,Desktop or Laptop,Windows 10,Chrome 102.0.0.0,1280x720,1263x569,,,,Consent form,3,"YES=right arrow,",No,consent,1
3,1657118112627,06/07/2022 14:35:12,1657118112405,2,06/07/2022 16:35:12,80062,4,questionnaire-nvwz,,22973688,zk0d9usn,6737198,,complete,,,computer,Desktop or Laptop,Windows 10,Chrome 102.0.0.0,1280x720,1263x569,,,,Consent form,3,"YES=right arrow,",No,END QUESTIONNAIRE,34501
1,1657303498772,08/07/2022 18:04:58,1657303498073,1,08/07/2022 19:04:58,80062,4,questionnaire-nvwz,,23024173,zm0xcf3w,6751014,,complete,,,computer,Desktop or Laptop,Chromium OS 14816.99.0,Chrome 103.0.0.0,1241x698,1242x547,,,,Consent form,3,"YES=left arrow,",No,BEGIN QUESTIONNAIRE,
2,1657303527473,08/07/2022 18:05:27,1657303526827,1,08/07/2022 19:05:26,80062,4,questionnaire-nvwz,,23024173,zm0xcf3w,6751014,,complete,,,computer,Desktop or Laptop,Chromium OS 14816.99.0,Chrome 103.0.0.0,1241x698,1242x547,,,,Consent form,3,"YES=left arrow,",No,consent,1
3,1657303527581,08/07/2022 18:05:27,1657303526832,1,08/07/2022 19:05:26,80062,4,questionnaire-nvwz,,23024173,zm0xcf3w,6751014,,complete,,,computer,Desktop or Laptop,Chromium OS 14816.99.0,Chrome 103.0.0.0,1241x698,1242x547,,,,Consent form,3,"YES=left arrow,",No,END QUESTIONNAIRE,28760
1,1657851576015,15/07/2022 02:19:36,1657851576733,-7,14/07/2022 19:19:36,80062,4,questionnaire-nvwz,,23133860,yaqg3his,6785906,,complete,,,computer,Desktop or Laptop,Windows 10,Chrome 103.0.0.0,1536x864,1536x746,,,,Consent form,3,"YES=left arrow,",No,BEGIN QUESTIONNAIRE,
2,1657851586691,15/07/2022 02:19:46,1657851587451,-7,14/07/2022 19:19:47,80062,4,questionnaire-nvwz,,23133860,yaqg3his,6785906,,complete,,,computer,Desktop or Laptop,Windows 10,Chrome 103.0.0.0,1536x864,1519x746,,,,Consent form,3,"YES=left arrow,",No,consent,1
3,1657851586902,15/07/2022 02:19:46,1657851587453,-7,14/07/2022 19:19:47,80062,4,questionnaire-nvwz,,23133860,yaqg3his,6785906,,complete,,,computer,Desktop or Laptop,Windows 10,Chrome 103.0.0.0,1536x864,1519x746,,,,Consent form,3,"YES=left arrow,",No,END QUESTIONNAIRE,10720
1,1658002553375,16/07/2022 20:15:53,1658002553220,1,16/07/2022 21:15:53,80062,4,questionnaire-nvwz,,23154661,pqhjmgyd,6792613,,complete,,,computer,Desktop or Laptop,Mac OS 10.15,Firefox 102.0,1440x900,1440x699,,,,Consent form,3,"YES=left arrow,",No,BEGIN QUESTIONNAIRE,
2,1658002574392,16/07/2022 20:16:14,1658002574291,1,16/07/2022 21:16:14,80062,4,questionnaire-nvwz,,23154661,pqhjmgyd,6792613,,complete,,,computer,Desktop or Laptop,Mac OS 10.15,Firefox 102.0,1440x900,1440x699,,,,Consent form,3,"YES=left arrow,",No,consent,1
3,1658002574449,16/07/2022 20:16:14,1658002574292,1,16/07/2022 21:16:14,80062,4,questionnaire-nvwz,,23154661,pqhjmgyd,6792613,,complete,,,computer,Desktop or Laptop,Mac OS 10.15,Firefox 102.0,1440x900,1440x699,,,,Consent form,3,"YES=left arrow,",No,END QUESTIONNAIRE,21072
1,1658876457126,26/07/2022 23:00:57,1658876636044,2,27/07/2022 01:03:56,80062,4,questionnaire-nvwz,,23321558,67y9fkhy,6843837,,complete,,,computer,Desktop or Laptop,Windows 10,Chrome 103.0.0.0,1536x864,1536x714,,,,Consent form,3,"YES=left arrow,",No,BEGIN QUESTIONNAIRE,
2,1658876462298,26/07/2022 23:01:02,1658876641274,2,27/07/2022 01:04:01,80062,4,questionnaire-nvwz,,23321558,67y9fkhy,6843837,,complete,,,computer,Desktop or Laptop,Windows 10,Chrome 103.0.0.0,1536x864,1519x714,,,,Consent form,3,"YES=left arrow,",No,consent,1
3,1658876462378,26/07/2022 23:01:02,1658876641278,2,27/07/2022 01:04:01,80062,4,questionnaire-nvwz,,23321558,67y9fkhy,6843837,,complete,,,computer,Desktop or Laptop,Windows 10,Chrome 103.0.0.0,1536x864,1519x714,,,,Consent form,3,"YES=left arrow,",No,END QUESTIONNAIRE,5234
1,1660107778207,10/08/2022 05:02:58,1660107777081,-4,10/08/2022 01:02:57,80062,4,questionnaire-nvwz,,23550540,w45dgb7y,6901786,,complete,,,computer,Desktop or Laptop,Windows 10,Chrome 103.0.0.0,1536x864,767x647,,,,Consent form,3,"YES=left arrow,",No,BEGIN QUESTIONNAIRE,
2,1660107798623,10/08/2022 05:03:18,1660107797544,-4,10/08/2022 01:03:17,80062,4,questionnaire-nvwz,,23550540,w45dgb7y,6901786,,complete,,,computer,Desktop or Laptop,Windows 10,Chrome 103.0.0.0,1536x864,750x647,,,,Consent form,3,"YES=left arrow,",No,consent,1
3,1660107798772,10/08/2022 05:03:18,1660107797545,-4,10/08/2022 01:03:17,80062,4,questionnaire-nvwz,,23550540,w45dgb7y,6901786,,complete,,,computer,Desktop or Laptop,Windows 10,Chrome 103.0.0.0,1536x864,750x647,,,,Consent form,3,"YES=left arrow,",No,END QUESTIONNAIRE,20464
1,1661257758421,23/08/2022 12:29:18,1661257758832,1,23/08/2022 13:29:18,80062,4,questionnaire-nvwz,,23812569,1muqrksf,6996476,,complete,,,computer,Desktop or Laptop,Windows 10,Chrome 104.0.0.0,1536x864,1536x760,,,,Consent form,3,"YES=left arrow,",No,BEGIN QUESTIONNAIRE,
2,1661257885199,23/08/2022 12:31:25,1661257885640,1,23/08/2022 13:31:25,80062,4,questionnaire-nvwz,,23812569,1muqrksf,6996476,,complete,,,computer,Desktop or Laptop,Windows 10,Chrome 104.0.0.0,1536x864,1519x760,,,,Consent form,3,"YES=left arrow,",No,consent,1
3,1661257885272,23/08/2022 12:31:25,1661257885642,1,23/08/2022 13:31:25,80062,4,questionnaire-nvwz,,23812569,1muqrksf,6996476,,complete,,,computer,Desktop or Laptop,Windows 10,Chrome 104.0.0.0,1536x864,1519x760,,,,Consent form,3,"YES=left arrow,",No,END QUESTIONNAIRE,126810
1,1662286678790,04/09/2022 10:17:58,1662286678439,2,04/09/2022 12:17:58,80062,4,questionnaire-nvwz,,23966337,yy3adoea,7066376,,complete,,,computer,Desktop or Laptop,Windows 10,Edge 104.0.1293.70,1536x864,1536x754,,,,Consent form,3,"YES=left arrow,",No,BEGIN QUESTIONNAIRE,
2,1662286684653,04/09/2022 10:18:04,1662286684336,2,04/09/2022 12:18:04,80062,4,questionnaire-nvwz,,23966337,yy3adoea,7066376,,complete,,,computer,Desktop or Laptop,Windows 10,Edge 104.0.1293.70,1536x864,1519x754,,,,Consent form,3,"YES=left arrow,",No,consent,1
3,1662286684764,04/09/2022 10:18:04,1662286684337,2,04/09/2022 12:18:04,80062,4,questionnaire-nvwz,,23966337,yy3adoea,7066376,,complete,,,computer,Desktop or Laptop,Windows 10,Edge 104.0.1293.70,1536x864,1519x754,,,,Consent form,3,"YES=left arrow,",No,END QUESTIONNAIRE,5899
1,1664905080010,04/10/2022 17:38:00,1664905080500,-4,04/10/2022 13:38:00,80062,4,questionnaire-nvwz,,24371850,s3u828jm,7198549,,complete,,,computer,Desktop or Laptop,Windows 10,Chrome 105.0.0.0,1366x768,1366x649,,,,Consent form,3,"YES=left arrow,",No,BEGIN QUESTIONNAIRE,
2,1664905120779,04/10/2022 17:38:40,1664905121314,-4,04/10/2022 13:38:41,80062,4,questionnaire-nvwz,,24371850,s3u828jm,7198549,,complete,,,computer,Desktop or Laptop,Windows 10,Chrome 105.0.0.0,1366x768,1349x649,,,,Consent form,3,"YES=left arrow,",No,consent,1
3,1664905120994,04/10/2022 17:38:40,1664905121316,-4,04/10/2022 13:38:41,80062,4,questionnaire-nvwz,,24371850,s3u828jm,7198549,,complete,,,computer,Desktop or Laptop,Windows 10,Chrome 105.0.0.0,1366x768,1349x649,,,,Consent form,3,"YES=left arrow,",No,END QUESTIONNAIRE,40816
1,1676517362533,16/02/2023 03:16:02,1676517360989,-6,15/02/2023 21:16:00,80062,4,questionnaire-nvwz,,27247751,8eaoljgj,8097914,,complete,,,computer,Desktop or Laptop,Windows 10,Chrome 109.0.0.0,1536x864,1536x731,,,,Consent form,3,"YES=left arrow,",No,BEGIN QUESTIONNAIRE,
2,1676517388816,16/02/2023 03:16:28,1676517387307,-6,15/02/2023 21:16:27,80062,4,questionnaire-nvwz,,27247751,8eaoljgj,8097914,,complete,,,computer,Desktop or Laptop,Windows 10,Chrome 109.0.0.0,1536x864,1519x731,,,,Consent form,3,"YES=left arrow,",No,consent,1
3,1676517388965,16/02/2023 03:16:28,1676517387309,-6,15/02/2023 21:16:27,80062,4,questionnaire-nvwz,,27247751,8eaoljgj,8097914,,complete,,,computer,Desktop or Laptop,Windows 10,Chrome 109.0.0.0,1536x864,1519x731,,,,Consent form,3,"YES=left arrow,",No,END QUESTIONNAIRE,26320
1,1679725360327,25/03/2023 06:22:40,1679725359893,-5,25/03/2023 01:22:39,80062,4,questionnaire-nvwz,,28413567,4r2m55ik,8441426,,complete,,,computer,Desktop or Laptop,Windows 10,Chrome 111.0.0.0,1366x768,1366x625,,,,Consent form,3,"YES=right arrow,",No,BEGIN QUESTIONNAIRE,
2,1679725371891,25/03/2023 06:22:51,1679725371499,-5,25/03/2023 01:22:51,80062,4,questionnaire-nvwz,,28413567,4r2m55ik,8441426,,complete,,,computer,Desktop or Laptop,Windows 10,Chrome 111.0.0.0,1366x768,1349x625,,,,Consent form,3,"YES=right arrow,",No,consent,1
3,1679725372077,25/03/2023 06:22:52,1679725371504,-5,25/03/2023 01:22:51,80062,4,questionnaire-nvwz,,28413567,4r2m55ik,8441426,,complete,,,computer,Desktop or Laptop,Windows 10,Chrome 111.0.0.0,1366x768,1349x625,,,,Consent form,3,"YES=right arrow,",No,END QUESTIONNAIRE,11612
1,1685059336866,26/05/2023 00:02:16,1685059335823,1,26/05/2023 01:02:15,80062,4,questionnaire-nvwz,,29730046,xpsgo1e8,8845334,,complete,,,computer,Desktop or Laptop,Windows 10,Chrome 113.0.0.0,1280x720,1280x569,,,,Consent form,3,"YES=left arrow,",No,BEGIN QUESTIONNAIRE,
2,1685059376260,26/05/2023 00:02:56,1685059376447,1,26/05/2023 01:02:56,80062,4,questionnaire-nvwz,,29730046,xpsgo1e8,8845334,,complete,,,computer,Desktop or Laptop,Windows 10,Chrome 113.0.0.0,1280x720,1263x569,,,,Consent form,3,"YES=left arrow,",No,consent,1
3,1685059376453,26/05/2023 00:02:56,1685059376451,1,26/05/2023 01:02:56,80062,4,questionnaire-nvwz,,29730046,xpsgo1e8,8845334,,complete,,,computer,Desktop or Laptop,Windows 10,Chrome 113.0.0.0,1280x720,1263x569,,,,Consent form,3,"YES=left arrow,",No,END QUESTIONNAIRE,40628
1,1646658602317,07/03/2022 13:10:02,1646658602269,2,07/03/2022 15:10:02,80062,4,questionnaire-nvwz,,20143127,g0q6rb89,5973207,,complete,,,computer,Desktop or Laptop,Windows 10,Chrome 98.0.4758.102,2560x1440,2560x1272,,,,Consent form,3,"YES=left arrow,",No,BEGIN QUESTIONNAIRE,
2,1646658664910,07/03/2022 13:11:04,1646658664882,2,07/03/2022 15:11:04,80062,4,questionnaire-nvwz,,20143127,g0q6rb89,5973207,,complete,,,computer,Desktop or Laptop,Windows 10,Chrome 98.0.4758.102,2560x1440,2560x1272,,,,Consent form,3,"YES=left arrow,",No,consent,1
3,1646658664990,07/03/2022 13:11:04,1646658664883,2,07/03/2022 15:11:04,80062,4,questionnaire-nvwz,,20143127,g0q6rb89,5973207,,complete,,,computer,Desktop or Laptop,Windows 10,Chrome 98.0.4758.102,2560x1440,2560x1272,,,,Consent form,3,"YES=left arrow,",No,END QUESTIONNAIRE,62614
1,1646659131823,07/03/2022 13:18:51,1646659131796,0,07/03/2022 13:18:51,80062,4,questionnaire-nvwz,,20143523,8uw266yq,5973351,,complete,,,computer,Desktop or Laptop,Mac OS 10.12.6,Chrome 98.0.4758.109,1920x1080,1920x898,,,,Consent form,3,"YES=left arrow,",No,BEGIN QUESTIONNAIRE,
2,1646659195451,07/03/2022 13:19:55,1646659195370,0,07/03/2022 13:19:55,80062,4,questionnaire-nvwz,,20143523,8uw266yq,5973351,,complete,,,computer,Desktop or Laptop,Mac OS 10.12.6,Chrome 98.0.4758.109,1920x1080,1905x898,,,,Consent form,3,"YES=left arrow,",No,consent,1
3,1646659195516,07/03/2022 13:19:55,1646659195372,0,07/03/2022 13:19:55,80062,4,questionnaire-nvwz,,20143523,8uw266yq,5973351,,complete,,,computer,Desktop or Laptop,Mac OS 10.12.6,Chrome 98.0.4758.109,1920x1080,1905x898,,,,Consent form,3,"YES=left arrow,",No,END QUESTIONNAIRE,63576
1,1646659207758,07/03/2022 13:20:07,1646659207580,1,07/03/2022 14:20:07,80062,4,questionnaire-nvwz,,20143570,02c8l88p,5973371,,complete,,,computer,Desktop or Laptop,Mac OS 10.15.7,Chrome 98.0.4758.109,1440x900,1440x789,,,,Consent form,3,"YES=right arrow,",No,BEGIN QUESTIONNAIRE,
2,1646659283092,07/03/2022 13:21:23,1646659282993,1,07/03/2022 14:21:22,80062,4,questionnaire-nvwz,,20143570,02c8l88p,5973371,,complete,,,computer,Desktop or Laptop,Mac OS 10.15.7,Chrome 98.0.4758.109,1440x900,1440x789,,,,Consent form,3,"YES=right arrow,",No,consent,1
3,1646659283208,07/03/2022 13:21:23,1646659282995,1,07/03/2022 14:21:22,80062,4,questionnaire-nvwz,,20143570,02c8l88p,5973371,,complete,,,computer,Desktop or Laptop,Mac OS 10.15.7,Chrome 98.0.4758.109,1440x900,1440x789,,,,Consent form,3,"YES=right arrow,",No,END QUESTIONNAIRE,75415
1,1646736323988,08/03/2022 10:45:23,1646736324432,1,08/03/2022 11:45:24,80062,4,questionnaire-nvwz,,20182351,hpq750tq,5986526,,complete,,,computer,Desktop or Laptop,Windows 10,Chrome 99.0.4844.51,1536x864,1536x722,,,,Consent form,3,"YES=right arrow,",No,BEGIN QUESTIONNAIRE,
2,1646736372188,08/03/2022 10:46:12,1646736372649,1,08/03/2022 11:46:12,80062,4,questionnaire-nvwz,,20182351,hpq750tq,5986526,,complete,,,computer,Desktop or Laptop,Windows 10,Chrome 99.0.4844.51,1536x864,1519x722,,,,Consent form,3,"YES=right arrow,",No,consent,1
3,1646736372289,08/03/2022 10:46:12,1646736372650,1,08/03/2022 11:46:12,80062,4,questionnaire-nvwz,,20182351,hpq750tq,5986526,,complete,,,computer,Desktop or Laptop,Windows 10,Chrome 99.0.4844.51,1536x864,1519x722,,,,Consent form,3,"YES=right arrow,",No,END QUESTIONNAIRE,48218
1,1646758645226,08/03/2022 16:57:25,1646758647106,-6,08/03/2022 10:57:27,80062,4,questionnaire-nvwz,,20199847,9ee7hgs2,5992630,,complete,,,computer,Desktop or Laptop,Windows 10,Edge 99.0.1150.30,1368x912,1320x811,,,,Consent form,3,"YES=right arrow,",No,BEGIN QUESTIONNAIRE,
2,1646758699801,08/03/2022 16:58:19,1646758701736,-6,08/03/2022 10:58:21,80062,4,questionnaire-nvwz,,20199847,9ee7hgs2,5992630,,complete,,,computer,Desktop or Laptop,Windows 10,Edge 99.0.1150.30,1368x912,1303x811,,,,Consent form,3,"YES=right arrow,",No,consent,1
3,1646758699957,08/03/2022 16:58:19,1646758701739,-6,08/03/2022 10:58:21,80062,4,questionnaire-nvwz,,20199847,9ee7hgs2,5992630,,complete,,,computer,Desktop or Laptop,Windows 10,Edge 99.0.1150.30,1368x912,1303x811,,,,Consent form,3,"YES=right arrow,",No,END QUESTIONNAIRE,54633
1,1646760293640,08/03/2022 17:24:53,1646760294378,-5,08/03/2022 12:24:54,80062,4,questionnaire-nvwz,,20200969,xqd2ix4o,5992960,,complete,,,computer,Desktop or Laptop,Windows 10,Chrome 98.0.4758.102,1536x864,1536x754,,,,Consent form,3,"YES=left arrow,",No,BEGIN QUESTIONNAIRE,
2,1646760302083,08/03/2022 17:25:02,1646760302855,-5,08/03/2022 12:25:02,80062,4,questionnaire-nvwz,,20200969,xqd2ix4o,5992960,,complete,,,computer,Desktop or Laptop,Windows 10,Chrome 98.0.4758.102,1536x864,1519x754,,,,Consent form,3,"YES=left arrow,",No,consent,1
3,1646760302215,08/03/2022 17:25:02,1646760302857,-5,08/03/2022 12:25:02,80062,4,questionnaire-nvwz,,20200969,xqd2ix4o,5992960,,complete,,,computer,Desktop or Laptop,Windows 10,Chrome 98.0.4758.102,1536x864,1519x754,,,,Consent form,3,"YES=left arrow,",No,END QUESTIONNAIRE,8479
1,1646774126642,08/03/2022 21:15:26,1646774129874,0,08/03/2022 21:15:29,80062,4,questionnaire-nvwz,,20210752,16nnzxfv,5995824,,complete,,,computer,Desktop or Laptop,Windows 10,Chrome 99.0.4844.51,1536x864,1536x714,,,,Consent form,3,"YES=right arrow,",No,BEGIN QUESTIONNAIRE,
2,1646774173318,08/03/2022 21:16:13,1646774176600,0,08/03/2022 21:16:16,80062,4,questionnaire-nvwz,,20210752,16nnzxfv,5995824,,complete,,,computer,Desktop or Laptop,Windows 10,Chrome 99.0.4844.51,1536x864,1519x714,,,,Consent form,3,"YES=right arrow,",No,consent,1
3,1646774173402,08/03/2022 21:16:13,1646774176601,0,08/03/2022 21:16:16,80062,4,questionnaire-nvwz,,20210752,16nnzxfv,5995824,,complete,,,computer,Desktop or Laptop,Windows 10,Chrome 99.0.4844.51,1536x864,1519x714,,,,Consent form,3,"YES=right arrow,",No,END QUESTIONNAIRE,46727
1,1646805169148,09/03/2022 05:52:49,1646805168660,-6,08/03/2022 23:52:48,80062,4,questionnaire-nvwz,,20218354,tby30tg9,5997836,,complete,,,computer,Desktop or Laptop,Windows 10,Chrome 99.0.4844.51,1920x1080,1920x937,,,,Consent form,3,"YES=left arrow,",No,BEGIN QUESTIONNAIRE,
2,1646805174960,09/03/2022 05:52:54,1646805174527,-6,08/03/2022 23:52:54,80062,4,questionnaire-nvwz,,20218354,tby30tg9,5997836,,complete,,,computer,Desktop or Laptop,Windows 10,Chrome 99.0.4844.51,1920x1080,1903x937,,,,Consent form,3,"YES=left arrow,",No,consent,1
3,1646805175144,09/03/2022 05:52:55,1646805174528,-6,08/03/2022 23:52:54,80062,4,questionnaire-nvwz,,20218354,tby30tg9,5997836,,complete,,,computer,Desktop or Laptop,Windows 10,Chrome 99.0.4844.51,1920x1080,1903x937,,,,Consent form,3,"YES=left arrow,",No,END QUESTIONNAIRE,5869
1,1646858345087,09/03/2022 20:39:05,1646858345779,0,09/03/2022 20:39:05,80062,4,questionnaire-nvwz,,20248478,i8n94pun,6006364,,complete,,,computer,Desktop or Laptop,Windows 10,Edge 99.0.1150.36,1280x720,1280x619,,,,Consent form,3,"YES=left arrow,",No,BEGIN QUESTIONNAIRE,
2,1646858358187,09/03/2022 20:39:18,1646858358939,0,09/03/2022 20:39:18,80062,4,questionnaire-nvwz,,20248478,i8n94pun,6006364,,complete,,,computer,Desktop or Laptop,Windows 10,Edge 99.0.1150.36,1280x720,1263x619,,,,Consent form,3,"YES=left arrow,",No,consent,1
3,1646858358256,09/03/2022 20:39:18,1646858358940,0,09/03/2022 20:39:18,80062,4,questionnaire-nvwz,,20248478,i8n94pun,6006364,,complete,,,computer,Desktop or Laptop,Windows 10,Edge 99.0.1150.36,1280x720,1263x619,,,,Consent form,3,"YES=left arrow,",No,END QUESTIONNAIRE,13161
1,1646864990635,09/03/2022 22:29:50,1646864992832,0,09/03/2022 22:29:52,80062,4,questionnaire-nvwz,,20251086,b3iquceh,6006980,,complete,,,computer,Desktop or Laptop,Windows 10,Chrome 98.0.4758.102,1366x768,1366x625,,,,Consent form,3,"YES=left arrow,",No,BEGIN QUESTIONNAIRE,
2,1646864999623,09/03/2022 22:29:59,1646865001787,0,09/03/2022 22:30:01,80062,4,questionnaire-nvwz,,20251086,b3iquceh,6006980,,complete,,,computer,Desktop or Laptop,Windows 10,Chrome 98.0.4758.102,1366x768,1349x625,,,,Consent form,3,"YES=left arrow,",No,consent,1
3,1646864999712,09/03/2022 22:29:59,1646865001789,0,09/03/2022 22:30:01,80062,4,questionnaire-nvwz,,20251086,b3iquceh,6006980,,complete,,,computer,Desktop or Laptop,Windows 10,Chrome 98.0.4758.102,1366x768,1349x625,,,,Consent form,3,"YES=left arrow,",No,END QUESTIONNAIRE,8957
1,1646880922174,10/03/2022 02:55:22,1646880920330,-6,09/03/2022 20:55:20,80062,4,questionnaire-nvwz,,20255262,nhix1hpq,6008142,,complete,,,computer,Desktop or Laptop,Windows 10,Chrome 99.0.4844.51,1920x1080,1920x1007,,,,Consent form,3,"YES=right arrow,",No,BEGIN QUESTIONNAIRE,
2,1646880932725,10/03/2022 02:55:32,1646880930901,-6,09/03/2022 20:55:30,80062,4,questionnaire-nvwz,,20255262,nhix1hpq,6008142,,complete,,,computer,Desktop or Laptop,Windows 10,Chrome 99.0.4844.51,1920x1080,1903x1007,,,,Consent form,3,"YES=right arrow,",No,consent,1
3,1646880932942,10/03/2022 02:55:32,1646880930903,-6,09/03/2022 20:55:30,80062,4,questionnaire-nvwz,,20255262,nhix1hpq,6008142,,complete,,,computer,Desktop or Laptop,Windows 10,Chrome 99.0.4844.51,1920x1080,1903x1007,,,,Consent form,3,"YES=right arrow,",No,END QUESTIONNAIRE,10574
1,1646964451001,11/03/2022 02:07:31,1646964451303,-5,10/03/2022 21:07:31,80062,4,questionnaire-nvwz,,20289133,6w4msmra,6018221,,complete,,,computer,Desktop or Laptop,Windows 10,Chrome 99.0.4844.51,1920x1080,960x440,,,,Consent form,3,"YES=left arrow,",No,BEGIN QUESTIONNAIRE,
2,1646964557783,11/03/2022 02:09:17,1646964558144,-5,10/03/2022 21:09:18,80062,4,questionnaire-nvwz,,20289133,6w4msmra,6018221,,complete,,,computer,Desktop or Laptop,Windows 10,Chrome 99.0.4844.51,1920x1080,952x440,,,,Consent form,3,"YES=left arrow,",No,consent,1
3,1646964557906,11/03/2022 02:09:17,1646964558144,-5,10/03/2022 21:09:18,80062,4,questionnaire-nvwz,,20289133,6w4msmra,6018221,,complete,,,computer,Desktop or Laptop,Windows 10,Chrome 99.0.4844.51,1920x1080,952x440,,,,Consent form,3,"YES=left arrow,",No,END QUESTIONNAIRE,106841
1,1647145511289,13/03/2022 04:25:11,1647145511319,11,13/03/2022 15:25:11,80062,4,questionnaire-nvwz,,20334929,fqyuyr0o,6031380,,complete,,,computer,Desktop or Laptop,Windows 10,Firefox 97.0,1920x1080,1920x947,,,,Consent form,3,"YES=left arrow,",No,BEGIN QUESTIONNAIRE,
2,1647145535415,13/03/2022 04:25:35,1647145535486,11,13/03/2022 15:25:35,80062,4,questionnaire-nvwz,,20334929,fqyuyr0o,6031380,,complete,,,computer,Desktop or Laptop,Windows 10,Firefox 97.0,1920x1080,1903x947,,,,Consent form,3,"YES=left arrow,",No,consent,1
3,1647145535712,13/03/2022 04:25:35,1647145535487,11,13/03/2022 15:25:35,80062,4,questionnaire-nvwz,,20334929,fqyuyr0o,6031380,,complete,,,computer,Desktop or Laptop,Windows 10,Firefox 97.0,1920x1080,1903x947,,,,Consent form,3,"YES=left arrow,",No,END QUESTIONNAIRE,24168
1,1647207116790,13/03/2022 21:31:56,1647207117523,1,13/03/2022 22:31:57,80062,4,questionnaire-nvwz,,20349967,mr1f97a4,6035729,,complete,,,computer,Desktop or Laptop,Windows 10,Chrome 99.0.4844.51,1536x864,1536x722,,,,Consent form,3,"YES=right arrow,",No,BEGIN QUESTIONNAIRE,
2,1647207197083,13/03/2022 21:33:17,1647207197771,1,13/03/2022 22:33:17,80062,4,questionnaire-nvwz,,20349967,mr1f97a4,6035729,,complete,,,computer,Desktop or Laptop,Windows 10,Chrome 99.0.4844.51,1536x864,1519x722,,,,Consent form,3,"YES=right arrow,",No,consent,1
3,1647207197134,13/03/2022 21:33:17,1647207197772,1,13/03/2022 22:33:17,80062,4,questionnaire-nvwz,,20349967,mr1f97a4,6035729,,complete,,,computer,Desktop or Laptop,Windows 10,Chrome 99.0.4844.51,1536x864,1519x722,,,,Consent form,3,"YES=right arrow,",No,END QUESTIONNAIRE,80249
1,1647270331275,14/03/2022 15:05:31,1647270331234,-5,14/03/2022 10:05:31,80062,4,questionnaire-nvwz,,20371018,pfgiy95s,6041906,,complete,,,computer,Desktop or Laptop,Windows 10,Chrome 99.0.4844.51,1368x912,1368x840,,,,Consent form,3,"YES=right arrow,",No,BEGIN QUESTIONNAIRE,
2,1647270343976,14/03/2022 15:05:43,1647270343965,-5,14/03/2022 10:05:43,80062,4,questionnaire-nvwz,,20371018,pfgiy95s,6041906,,complete,,,computer,Desktop or Laptop,Windows 10,Chrome 99.0.4844.51,1368x912,1351x840,,,,Consent form,3,"YES=right arrow,",No,consent,1
3,1647270344163,14/03/2022 15:05:44,1647270343969,-5,14/03/2022 10:05:43,80062,4,questionnaire-nvwz,,20371018,pfgiy95s,6041906,,complete,,,computer,Desktop or Laptop,Windows 10,Chrome 99.0.4844.51,1368x912,1351x840,,,,Consent form,3,"YES=right arrow,",No,END QUESTIONNAIRE,12735
1,1647786562919,20/03/2022 14:29:22,1647786563531,0,20/03/2022 14:29:23,80062,4,questionnaire-nvwz,,20577903,gcvy0wap,6099354,,complete,,,computer,Desktop or Laptop,Windows 10,Chrome 99.0.4844.74,1280x720,1280x585,,,,Consent form,3,"YES=left arrow,",No,BEGIN QUESTIONNAIRE,
2,1647786591327,20/03/2022 14:29:51,1647786591978,0,20/03/2022 14:29:51,80062,4,questionnaire-nvwz,,20577903,gcvy0wap,6099354,,complete,,,computer,Desktop or Laptop,Windows 10,Chrome 99.0.4844.74,1280x720,1263x585,,,,Consent form,3,"YES=left arrow,",No,consent,1
3,1647786591420,20/03/2022 14:29:51,1647786591979,0,20/03/2022 14:29:51,80062,4,questionnaire-nvwz,,20577903,gcvy0wap,6099354,,complete,,,computer,Desktop or Laptop,Windows 10,Chrome 99.0.4844.74,1280x720,1263x585,,,,Consent form,3,"YES=left arrow,",No,END QUESTIONNAIRE,28448
1,1647803816829,20/03/2022 19:16:56,1647803818956,-4,20/03/2022 15:16:58,80062,4,questionnaire-nvwz,,20584165,0dgw2g00,6100953,,complete,,,computer,Desktop or Laptop,Windows 10,Chrome 99.0.4844.74,1536x864,1536x722,,,,Consent form,3,"YES=left arrow,",No,BEGIN QUESTIONNAIRE,
2,1647803829384,20/03/2022 19:17:09,1647803831535,-4,20/03/2022 15:17:11,80062,4,questionnaire-nvwz,,20584165,0dgw2g00,6100953,,complete,,,computer,Desktop or Laptop,Windows 10,Chrome 99.0.4844.74,1536x864,1519x722,,,,Consent form,3,"YES=left arrow,",No,consent,1
3,1647803829485,20/03/2022 19:17:09,1647803831537,-4,20/03/2022 15:17:11,80062,4,questionnaire-nvwz,,20584165,0dgw2g00,6100953,,complete,,,computer,Desktop or Laptop,Windows 10,Chrome 99.0.4844.74,1536x864,1519x722,,,,Consent form,3,"YES=left arrow,",No,END QUESTIONNAIRE,12581
1,1647830117155,21/03/2022 02:35:17,1647830116995,-4,20/03/2022 22:35:16,80062,4,questionnaire-nvwz,,20590205,e4a52vju,6102501,,complete,,,computer,Desktop or Laptop,Mac OS 10.13.6,Safari 13.1.2,1440x900,1440x746,,,,Consent form,3,"YES=right arrow,",No,BEGIN QUESTIONNAIRE,
2,1647830132836,21/03/2022 02:35:32,1647830132776,-4,20/03/2022 22:35:32,80062,4,questionnaire-nvwz,,20590205,e4a52vju,6102501,,complete,,,computer,Desktop or Laptop,Mac OS 10.13.6,Safari 13.1.2,1440x900,1440x746,,,,Consent form,3,"YES=right arrow,",No,consent,1
3,1647830132950,21/03/2022 02:35:32,1647830132778,-4,20/03/2022 22:35:32,80062,4,questionnaire-nvwz,,20590205,e4a52vju,6102501,,complete,,,computer,Desktop or Laptop,Mac OS 10.13.6,Safari 13.1.2,1440x900,1440x746,,,,Consent form,3,"YES=right arrow,",No,END QUESTIONNAIRE,15783
1,1648075379657,23/03/2022 22:42:59,1648075378733,-4,23/03/2022 18:42:58,80062,4,questionnaire-nvwz,,20743253,vro9ad8e,6140551,,complete,,,computer,Desktop or Laptop,Chromium OS 14388.52.0,Chrome 98.0.4758.91,1366x768,1366x665,,,,Consent form,3,"YES=right arrow,",No,BEGIN QUESTIONNAIRE,
2,1648075417103,23/03/2022 22:43:37,1648075416210,-4,23/03/2022 18:43:36,80062,4,questionnaire-nvwz,,20743253,vro9ad8e,6140551,,complete,,,computer,Desktop or Laptop,Chromium OS 14388.52.0,Chrome 98.0.4758.91,1366x768,1366x665,,,,Consent form,3,"YES=right arrow,",No,consent,1
3,1648075417431,23/03/2022 22:43:37,1648075416212,-4,23/03/2022 18:43:36,80062,4,questionnaire-nvwz,,20743253,vro9ad8e,6140551,,complete,,,computer,Desktop or Laptop,Chromium OS 14388.52.0,Chrome 98.0.4758.91,1366x768,1366x665,,,,Consent form,3,"YES=right arrow,",No,END QUESTIONNAIRE,37479
1,1648812255346,01/04/2022 11:24:15,1648812256137,2,01/04/2022 13:24:16,80062,4,questionnaire-nvwz,,21014663,h2rwlb3t,6211297,,complete,,,computer,Desktop or Laptop,Windows 10,Edge 99.0.1150.55,1920x1080,1920x961,,,,Consent form,3,"YES=left arrow,",No,BEGIN QUESTIONNAIRE,
2,1648812261496,01/04/2022 11:24:21,1648812262314,2,01/04/2022 13:24:22,80062,4,questionnaire-nvwz,,21014663,h2rwlb3t,6211297,,complete,,,computer,Desktop or Laptop,Windows 10,Edge 99.0.1150.55,1920x1080,1903x961,,,,Consent form,3,"YES=left arrow,",No,consent,1
3,1648812261571,01/04/2022 11:24:21,1648812262315,2,01/04/2022 13:24:22,80062,4,questionnaire-nvwz,,21014663,h2rwlb3t,6211297,,complete,,,computer,Desktop or Laptop,Windows 10,Edge 99.0.1150.55,1920x1080,1903x961,,,,Consent form,3,"YES=left arrow,",No,END QUESTIONNAIRE,6178
1,1649353088360,07/04/2022 17:38:08,1649353087978,-4,07/04/2022 13:38:07,80062,4,questionnaire-nvwz,,21179764,is70u7dl,6258992,,complete,,,computer,Desktop or Laptop,Windows 10,Chrome 99.0.4844.82,1366x768,1366x617,,,,Consent form,3,"YES=right arrow,",No,BEGIN QUESTIONNAIRE,
2,1649353154409,07/04/2022 17:39:14,1649353153848,-4,07/04/2022 13:39:13,80062,4,questionnaire-nvwz,,21179764,is70u7dl,6258992,,complete,,,computer,Desktop or Laptop,Windows 10,Chrome 99.0.4844.82,1366x768,1349x617,,,,Consent form,3,"YES=right arrow,",No,consent,1
3,1649353154525,07/04/2022 17:39:14,1649353153850,-4,07/04/2022 13:39:13,80062,4,questionnaire-nvwz,,21179764,is70u7dl,6258992,,complete,,,computer,Desktop or Laptop,Windows 10,Chrome 99.0.4844.82,1366x768,1349x617,,,,Consent form,3,"YES=right arrow,",No,END QUESTIONNAIRE,65872
1,1649418620670,08/04/2022 11:50:20,1649418620572,2,08/04/2022 13:50:20,80062,4,questionnaire-nvwz,,21192198,sfz638y5,6262518,,complete,,,computer,Desktop or Laptop,Windows 10,Chrome 100.0.4896.75,1536x864,1536x721,,,,Consent form,3,"YES=left arrow,",No,BEGIN QUESTIONNAIRE,
2,1649418631596,08/04/2022 11:50:31,1649418631546,2,08/04/2022 13:50:31,80062,4,questionnaire-nvwz,,21192198,sfz638y5,6262518,,complete,,,computer,Desktop or Laptop,Windows 10,Chrome 100.0.4896.75,1536x864,1519x721,,,,Consent form,3,"YES=left arrow,",No,consent,1
3,1649418631685,08/04/2022 11:50:31,1649418631547,2,08/04/2022 13:50:31,80062,4,questionnaire-nvwz,,21192198,sfz638y5,6262518,,complete,,,computer,Desktop or Laptop,Windows 10,Chrome 100.0.4896.75,1536x864,1519x721,,,,Consent form,3,"YES=left arrow,",No,END QUESTIONNAIRE,10975
1,1649523480396,09/04/2022 16:58:00,1649523480195,-5,09/04/2022 11:58:00,80062,4,questionnaire-nvwz,,21215482,8d83hmex,6268949,,complete,,,computer,Desktop or Laptop,Windows 10,Chrome 100.0.4896.75,1280x720,1280x512,,,,Consent form,3,"YES=left arrow,",No,BEGIN QUESTIONNAIRE,
2,1649523488968,09/04/2022 16:58:08,1649523488803,-5,09/04/2022 11:58:08,80062,4,questionnaire-nvwz,,21215482,8d83hmex,6268949,,complete,,,computer,Desktop or Laptop,Windows 10,Chrome 100.0.4896.75,1280x720,1263x512,,,,Consent form,3,"YES=left arrow,",No,consent,1
3,1649523489145,09/04/2022 16:58:09,1649523488806,-5,09/04/2022 11:58:08,80062,4,questionnaire-nvwz,,21215482,8d83hmex,6268949,,complete,,,computer,Desktop or Laptop,Windows 10,Chrome 100.0.4896.75,1280x720,1263x512,,,,Consent form,3,"YES=left arrow,",No,END QUESTIONNAIRE,8611
1,1649877519729,13/04/2022 19:18:39,1649877519541,-4,13/04/2022 15:18:39,80062,4,questionnaire-nvwz,,21296051,ykt0awk9,6299925,,complete,,,computer,Desktop or Laptop,Windows 10,Chrome 100.0.4896.75,1920x1080,1920x937,,,,Consent form,3,"YES=left arrow,",No,BEGIN QUESTIONNAIRE,
2,1649877634180,13/04/2022 19:20:34,1649877634041,-4,13/04/2022 15:20:34,80062,4,questionnaire-nvwz,,21296051,ykt0awk9,6299925,,complete,,,computer,Desktop or Laptop,Windows 10,Chrome 100.0.4896.75,1920x1080,1903x937,,,,Consent form,3,"YES=left arrow,",No,consent,1
3,1649877634287,13/04/2022 19:20:34,1649877634042,-4,13/04/2022 15:20:34,80062,4,questionnaire-nvwz,,21296051,ykt0awk9,6299925,,complete,,,computer,Desktop or Laptop,Windows 10,Chrome 100.0.4896.75,1920x1080,1903x937,,,,Consent form,3,"YES=left arrow,",No,END QUESTIONNAIRE,114501
1,1650260884441,18/04/2022 05:48:04,1650260884552,-4,18/04/2022 01:48:04,80062,4,questionnaire-nvwz,,21344935,xlyay0uo,6314974,,complete,,,computer,Desktop or Laptop,Windows 10,Chrome 100.0.4896.88,1280x720,1422x633,,,,Consent form,3,"YES=left arrow,",No,BEGIN QUESTIONNAIRE,
2,1650260888860,18/04/2022 05:48:08,1650260889008,-4,18/04/2022 01:48:09,80062,4,questionnaire-nvwz,,21344935,xlyay0uo,6314974,,complete,,,computer,Desktop or Laptop,Windows 10,Chrome 100.0.4896.88,1280x720,1404x633,,,,Consent form,3,"YES=left arrow,",No,consent,1
3,1650260889027,18/04/2022 05:48:09,1650260889012,-4,18/04/2022 01:48:09,80062,4,questionnaire-nvwz,,21344935,xlyay0uo,6314974,,complete,,,computer,Desktop or Laptop,Windows 10,Chrome 100.0.4896.88,1280x720,1404x633,,,,Consent form,3,"YES=left arrow,",No,END QUESTIONNAIRE,4460
1,1646659923121,07/03/2022 13:32:03,1646659922901,-8,07/03/2022 05:32:02,80062,4,questionnaire-nvwz,,20143971,q9zhiya1,5973513,,complete,,,computer,Desktop or Laptop,Mac OS 10.15.7,Chrome 99.0.4844.51,1280x800,1233x664,,,,Consent form,3,"YES=right arrow,",No,BEGIN QUESTIONNAIRE,
2,1646659966256,07/03/2022 13:32:46,1646659966108,-8,07/03/2022 05:32:46,80062,4,questionnaire-nvwz,,20143971,q9zhiya1,5973513,,complete,,,computer,Desktop or Laptop,Mac OS 10.15.7,Chrome 99.0.4844.51,1280x800,1233x664,,,,Consent form,3,"YES=right arrow,",No,consent,1
3,1646659966455,07/03/2022 13:32:46,1646659966109,-8,07/03/2022 05:32:46,80062,4,questionnaire-nvwz,,20143971,q9zhiya1,5973513,,complete,,,computer,Desktop or Laptop,Mac OS 10.15.7,Chrome 99.0.4844.51,1280x800,1233x664,,,,Consent form,3,"YES=right arrow,",No,END QUESTIONNAIRE,43208
1,1646660061370,07/03/2022 13:34:21,1646660061266,1,07/03/2022 14:34:21,80062,4,questionnaire-nvwz,,20144031,r2cw9ehs,5973531,,complete,,,computer,Desktop or Laptop,Ubuntu undefined,Firefox 97.0,2560x1440,2488x1299,,,,Consent form,3,"YES=right arrow,",No,BEGIN QUESTIONNAIRE,
2,1646660087725,07/03/2022 13:34:47,1646660087658,1,07/03/2022 14:34:47,80062,4,questionnaire-nvwz,,20144031,r2cw9ehs,5973531,,complete,,,computer,Desktop or Laptop,Ubuntu undefined,Firefox 97.0,2560x1440,2488x1299,,,,Consent form,3,"YES=right arrow,",No,consent,1
3,1646660087807,07/03/2022 13:34:47,1646660087663,1,07/03/2022 14:34:47,80062,4,questionnaire-nvwz,,20144031,r2cw9ehs,5973531,,complete,,,computer,Desktop or Laptop,Ubuntu undefined,Firefox 97.0,2560x1440,2488x1299,,,,Consent form,3,"YES=right arrow,",No,END QUESTIONNAIRE,26397
1,1646660387408,07/03/2022 13:39:47,1646660389238,1,07/03/2022 14:39:49,80062,4,questionnaire-nvwz,,20144236,eynr9xb4,5973590,,complete,,,computer,Desktop or Laptop,Windows 10,Chrome 99.0.4844.51,1536x864,1536x722,,,,Consent form,3,"YES=right arrow,",No,BEGIN QUESTIONNAIRE,
2,1646660579003,07/03/2022 13:42:59,1646660580760,1,07/03/2022 14:43:00,80062,4,questionnaire-nvwz,,20144236,eynr9xb4,5973590,,complete,,,computer,Desktop or Laptop,Windows 10,Chrome 99.0.4844.51,1536x864,1519x722,,,,Consent form,3,"YES=right arrow,",No,consent,1
3,1646660579083,07/03/2022 13:42:59,1646660580761,1,07/03/2022 14:43:00,80062,4,questionnaire-nvwz,,20144236,eynr9xb4,5973590,,complete,,,computer,Desktop or Laptop,Windows 10,Chrome 99.0.4844.51,1536x864,1519x722,,,,Consent form,3,"YES=right arrow,",No,END QUESTIONNAIRE,191523
1,1646661615614,07/03/2022 14:00:15,1646661612783,-5,07/03/2022 09:00:12,80062,4,questionnaire-nvwz,,20144905,mrdfdwvl,5974116,,complete,,,computer,Desktop or Laptop,Windows 10,Firefox 97.0,1536x864,1536x731,,,,Consent form,3,"YES=left arrow,",No,BEGIN QUESTIONNAIRE,
2,1646661648751,07/03/2022 14:00:48,1646661645969,-5,07/03/2022 09:00:45,80062,4,questionnaire-nvwz,,20144905,mrdfdwvl,5974116,,complete,,,computer,Desktop or Laptop,Windows 10,Firefox 97.0,1536x864,1519x731,,,,Consent form,3,"YES=left arrow,",No,consent,1
3,1646661648923,07/03/2022 14:00:48,1646661645971,-5,07/03/2022 09:00:45,80062,4,questionnaire-nvwz,,20144905,mrdfdwvl,5974116,,complete,,,computer,Desktop or Laptop,Windows 10,Firefox 97.0,1536x864,1519x731,,,,Consent form,3,"YES=left arrow,",No,END QUESTIONNAIRE,33188
1,1646661892374,07/03/2022 14:04:52,1646661890105,0,07/03/2022 14:04:50,80062,4,questionnaire-nvwz,,20145143,eqtgrb8l,5974148,,complete,,,computer,Desktop or Laptop,Mac OS 10.15,Firefox 97.0,3440x1440,1720x1330,,,,Consent form,3,"YES=left arrow,",No,BEGIN QUESTIONNAIRE,
2,1646661942520,07/03/2022 14:05:42,1646661940298,0,07/03/2022 14:05:40,80062,4,questionnaire-nvwz,,20145143,eqtgrb8l,5974148,,complete,,,computer,Desktop or Laptop,Mac OS 10.15,Firefox 97.0,3440x1440,1977x1330,,,,Consent form,3,"YES=left arrow,",No,consent,1
3,1646661942593,07/03/2022 14:05:42,1646661940299,0,07/03/2022 14:05:40,80062,4,questionnaire-nvwz,,20145143,eqtgrb8l,5974148,,complete,,,computer,Desktop or Laptop,Mac OS 10.15,Firefox 97.0,3440x1440,1977x1330,,,,Consent form,3,"YES=left arrow,",No,END QUESTIONNAIRE,50194
1,1646662823909,07/03/2022 14:20:23,1646662824225,1,07/03/2022 15:20:24,80062,4,questionnaire-nvwz,,20145837,mte03prz,5974344,,complete,,,computer,Desktop or Laptop,Windows 10,Chrome 98.0.4758.102,1366x768,1366x625,,,,Consent form,3,"YES=left arrow,",No,BEGIN QUESTIONNAIRE,
2,1646662861155,07/03/2022 14:21:01,1646662861502,1,07/03/2022 15:21:01,80062,4,questionnaire-nvwz,,20145837,mte03prz,5974344,,complete,,,computer,Desktop or Laptop,Windows 10,Chrome 98.0.4758.102,1366x768,1349x625,,,,Consent form,3,"YES=left arrow,",No,consent,1
3,1646662861244,07/03/2022 14:21:01,1646662861504,1,07/03/2022 15:21:01,80062,4,questionnaire-nvwz,,20145837,mte03prz,5974344,,complete,,,computer,Desktop or Laptop,Windows 10,Chrome 98.0.4758.102,1366x768,1349x625,,,,Consent form,3,"YES=left arrow,",No,END QUESTIONNAIRE,37279
1,1646666068572,07/03/2022 15:14:28,1646666067498,0,07/03/2022 15:14:27,80062,4,questionnaire-nvwz,,20147873,31393fno,5974928,,complete,,,computer,Desktop or Laptop,Windows 10,Chrome 98.0.4758.102,1920x1080,1920x969,,,,Consent form,3,"YES=left arrow,",No,BEGIN QUESTIONNAIRE,
2,1646666087409,07/03/2022 15:14:47,1646666086396,0,07/03/2022 15:14:46,80062,4,questionnaire-nvwz,,20147873,31393fno,5974928,,complete,,,computer,Desktop or Laptop,Windows 10,Chrome 98.0.4758.102,1920x1080,1903x969,,,,Consent form,3,"YES=left arrow,",No,consent,1
3,1646666087456,07/03/2022 15:14:47,1646666086397,0,07/03/2022 15:14:46,80062,4,questionnaire-nvwz,,20147873,31393fno,5974928,,complete,,,computer,Desktop or Laptop,Windows 10,Chrome 98.0.4758.102,1920x1080,1903x969,,,,Consent form,3,"YES=left arrow,",No,END QUESTIONNAIRE,18900
1,1646666522481,07/03/2022 15:22:02,1646666522963,-6,07/03/2022 09:22:02,80062,4,questionnaire-nvwz,,20148199,9ovur4kp,5975019,,complete,,,computer,Desktop or Laptop,Windows 10,Chrome 99.0.4844.51,1920x1080,1920x929,,,,Consent form,3,"YES=left arrow,",No,BEGIN QUESTIONNAIRE,
2,1646666542800,07/03/2022 15:22:22,1646666543315,-6,07/03/2022 09:22:23,80062,4,questionnaire-nvwz,,20148199,9ovur4kp,5975019,,complete,,,computer,Desktop or Laptop,Windows 10,Chrome 99.0.4844.51,1920x1080,1903x929,,,,Consent form,3,"YES=left arrow,",No,consent,1
3,1646666542952,07/03/2022 15:22:22,1646666543316,-6,07/03/2022 09:22:23,80062,4,questionnaire-nvwz,,20148199,9ovur4kp,5975019,,complete,,,computer,Desktop or Laptop,Windows 10,Chrome 99.0.4844.51,1920x1080,1903x929,,,,Consent form,3,"YES=left arrow,",No,END QUESTIONNAIRE,20353
1,1646666786917,07/03/2022 15:26:26,1646666786739,-5,07/03/2022 10:26:26,80062,4,questionnaire-nvwz,,20148369,5cp23mwy,5975066,,complete,,,computer,Desktop or Laptop,Mac OS 10.15.7,Chrome 99.0.4844.51,1440x900,1440x738,,,,Consent form,3,"YES=right arrow,",No,BEGIN QUESTIONNAIRE,
2,1646666799822,07/03/2022 15:26:39,1646666799696,-5,07/03/2022 10:26:39,80062,4,questionnaire-nvwz,,20148369,5cp23mwy,5975066,,complete,,,computer,Desktop or Laptop,Mac OS 10.15.7,Chrome 99.0.4844.51,1440x900,1440x738,,,,Consent form,3,"YES=right arrow,",No,consent,1
3,1646666799921,07/03/2022 15:26:39,1646666799698,-5,07/03/2022 10:26:39,80062,4,questionnaire-nvwz,,20148369,5cp23mwy,5975066,,complete,,,computer,Desktop or Laptop,Mac OS 10.15.7,Chrome 99.0.4844.51,1440x900,1440x738,,,,Consent form,3,"YES=right arrow,",No,END QUESTIONNAIRE,12959
1,1646667824495,07/03/2022 15:43:44,1646667824387,-5,07/03/2022 10:43:44,80062,4,questionnaire-nvwz,,20149139,6jizqngh,5975304,,complete,,,computer,Desktop or Laptop,Mac OS 10.15.7,Chrome 99.0.4844.51,1440x900,1440x821,,,,Consent form,3,"YES=right arrow,",No,BEGIN QUESTIONNAIRE,
2,1646667829332,07/03/2022 15:43:49,1646667829235,-5,07/03/2022 10:43:49,80062,4,questionnaire-nvwz,,20149139,6jizqngh,5975304,,complete,,,computer,Desktop or Laptop,Mac OS 10.15.7,Chrome 99.0.4844.51,1440x900,1440x821,,,,Consent form,3,"YES=right arrow,",No,consent,1
3,1646667829458,07/03/2022 15:43:49,1646667829237,-5,07/03/2022 10:43:49,80062,4,questionnaire-nvwz,,20149139,6jizqngh,5975304,,complete,,,computer,Desktop or Laptop,Mac OS 10.15.7,Chrome 99.0.4844.51,1440x900,1440x821,,,,Consent form,3,"YES=right arrow,",No,END QUESTIONNAIRE,4850
1,1646670385858,07/03/2022 16:26:25,1646670385820,-5,07/03/2022 11:26:25,80062,4,questionnaire-nvwz,,20151457,1nlwpwla,5975902,,complete,,,computer,Desktop or Laptop,Mac OS 10.15,Firefox 97.0,1440x900,1031x691,,,,Consent form,3,"YES=right arrow,",No,BEGIN QUESTIONNAIRE,
2,1646670414186,07/03/2022 16:26:54,1646670414163,-5,07/03/2022 11:26:54,80062,4,questionnaire-nvwz,,20151457,1nlwpwla,5975902,,complete,,,computer,Desktop or Laptop,Mac OS 10.15,Firefox 97.0,1440x900,1031x691,,,,Consent form,3,"YES=right arrow,",No,consent,1
3,1646670414313,07/03/2022 16:26:54,1646670414166,-5,07/03/2022 11:26:54,80062,4,questionnaire-nvwz,,20151457,1nlwpwla,5975902,,complete,,,computer,Desktop or Laptop,Mac OS 10.15,Firefox 97.0,1440x900,1031x691,,,,Consent form,3,"YES=right arrow,",No,END QUESTIONNAIRE,28346
1,1646672470059,07/03/2022 17:01:10,1646672469857,0,07/03/2022 17:01:09,80062,4,questionnaire-nvwz,,20153092,xfd68goc,5976403,,complete,,,computer,Desktop or Laptop,Mac OS 10.15.7,Safari 15.1,1440x900,1440x820,,,,Consent form,3,"YES=right arrow,",No,BEGIN QUESTIONNAIRE,
2,1646672496066,07/03/2022 17:01:36,1646672496029,0,07/03/2022 17:01:36,80062,4,questionnaire-nvwz,,20153092,xfd68goc,5976403,,complete,,,computer,Desktop or Laptop,Mac OS 10.15.7,Safari 15.1,1440x900,1440x820,,,,Consent form,3,"YES=right arrow,",No,consent,1
3,1646672496109,07/03/2022 17:01:36,1646672496031,0,07/03/2022 17:01:36,80062,4,questionnaire-nvwz,,20153092,xfd68goc,5976403,,complete,,,computer,Desktop or Laptop,Mac OS 10.15.7,Safari 15.1,1440x900,1440x820,,,,Consent form,3,"YES=right arrow,",No,END QUESTIONNAIRE,26174
1,1646672785758,07/03/2022 17:06:25,1646672786533,-5,07/03/2022 12:06:26,80062,4,questionnaire-nvwz,,20153705,gsoydsa1,5976580,,complete,,,computer,Desktop or Laptop,Windows 10,Chrome 99.0.4844.51,1536x864,1536x722,,,,Consent form,3,"YES=left arrow,",No,BEGIN QUESTIONNAIRE,
2,1646672790321,07/03/2022 17:06:30,1646672791130,-5,07/03/2022 12:06:31,80062,4,questionnaire-nvwz,,20153705,gsoydsa1,5976580,,complete,,,computer,Desktop or Laptop,Windows 10,Chrome 99.0.4844.51,1536x864,1519x722,,,,Consent form,3,"YES=left arrow,",No,consent,1
3,1646672790472,07/03/2022 17:06:30,1646672791131,-5,07/03/2022 12:06:31,80062,4,questionnaire-nvwz,,20153705,gsoydsa1,5976580,,complete,,,computer,Desktop or Laptop,Windows 10,Chrome 99.0.4844.51,1536x864,1519x722,,,,Consent form,3,"YES=left arrow,",No,END QUESTIONNAIRE,4598
1,1646673329698,07/03/2022 17:15:29,1646673329358,-5,07/03/2022 12:15:29,80062,4,questionnaire-nvwz,,20155154,jqv370w1,5976741,,complete,,,computer,Desktop or Laptop,Mac OS 10.15.7,Chrome 99.0.4844.51,1440x900,1440x789,,,,Consent form,3,"YES=left arrow,",No,BEGIN QUESTIONNAIRE,
2,1646673356367,07/03/2022 17:15:56,1646673356064,-5,07/03/2022 12:15:56,80062,4,questionnaire-nvwz,,20155154,jqv370w1,5976741,,complete,,,computer,Desktop or Laptop,Mac OS 10.15.7,Chrome 99.0.4844.51,1440x900,1440x789,,,,Consent form,3,"YES=left arrow,",No,consent,1
3,1646673356508,07/03/2022 17:15:56,1646673356066,-5,07/03/2022 12:15:56,80062,4,questionnaire-nvwz,,20155154,jqv370w1,5976741,,complete,,,computer,Desktop or Laptop,Mac OS 10.15.7,Chrome 99.0.4844.51,1440x900,1440x789,,,,Consent form,3,"YES=left arrow,",No,END QUESTIONNAIRE,26708
1,1646673467033,07/03/2022 17:17:47,1646673466956,-5,07/03/2022 12:17:46,80062,4,questionnaire-nvwz,,20155325,7nlc87j4,5976768,,complete,,,computer,Desktop or Laptop,Mac OS 10.15.7,Safari 15.0,1440x900,988x691,,,,Consent form,3,"YES=right arrow,",No,BEGIN QUESTIONNAIRE,
2,1646673483032,07/03/2022 17:18:03,1646673482958,-5,07/03/2022 12:18:02,80062,4,questionnaire-nvwz,,20155325,7nlc87j4,5976768,,complete,,,computer,Desktop or Laptop,Mac OS 10.15.7,Safari 15.0,1440x900,988x691,,,,Consent form,3,"YES=right arrow,",No,consent,1
3,1646673483595,07/03/2022 17:18:03,1646673482961,-5,07/03/2022 12:18:02,80062,4,questionnaire-nvwz,,20155325,7nlc87j4,5976768,,complete,,,computer,Desktop or Laptop,Mac OS 10.15.7,Safari 15.0,1440x900,988x691,,,,Consent form,3,"YES=right arrow,",No,END QUESTIONNAIRE,16005
1,1646675678761,07/03/2022 17:54:38,1646675679369,1,07/03/2022 18:54:39,80062,4,questionnaire-nvwz,,20157321,0sbfcbm2,5977423,,complete,,,computer,Desktop or Laptop,Windows 10,Chrome 99.0.4844.51,1707x960,1707x849,,,,Consent form,3,"YES=left arrow,",No,BEGIN QUESTIONNAIRE,
2,1646675730412,07/03/2022 17:55:30,1646675731074,1,07/03/2022 18:55:31,80062,4,questionnaire-nvwz,,20157321,0sbfcbm2,5977423,,complete,,,computer,Desktop or Laptop,Windows 10,Chrome 99.0.4844.51,1707x960,1691x849,,,,Consent form,3,"YES=left arrow,",No,consent,1
3,1646675730508,07/03/2022 17:55:30,1646675731075,1,07/03/2022 18:55:31,80062,4,questionnaire-nvwz,,20157321,0sbfcbm2,5977423,,complete,,,computer,Desktop or Laptop,Windows 10,Chrome 99.0.4844.51,1707x960,1691x849,,,,Consent form,3,"YES=left arrow,",No,END QUESTIONNAIRE,51706
1,1646676808658,07/03/2022 18:13:28,1646676808185,1,07/03/2022 19:13:28,80062,4,questionnaire-nvwz,,20158125,mdytu47c,5977668,,complete,,,computer,Desktop or Laptop,Windows 10,Chrome 99.0.4844.51,1366x768,1366x657,,,,Consent form,3,"YES=left arrow,",No,BEGIN QUESTIONNAIRE,
2,1646676819751,07/03/2022 18:13:39,1646676819338,1,07/03/2022 19:13:39,80062,4,questionnaire-nvwz,,20158125,mdytu47c,5977668,,complete,,,computer,Desktop or Laptop,Windows 10,Chrome 99.0.4844.51,1366x768,1349x657,,,,Consent form,3,"YES=left arrow,",No,consent,1
3,1646676819858,07/03/2022 18:13:39,1646676819341,1,07/03/2022 19:13:39,80062,4,questionnaire-nvwz,,20158125,mdytu47c,5977668,,complete,,,computer,Desktop or Laptop,Windows 10,Chrome 99.0.4844.51,1366x768,1349x657,,,,Consent form,3,"YES=left arrow,",No,END QUESTIONNAIRE,11156
1,1646677235722,07/03/2022 18:20:35,1646677235007,0,07/03/2022 18:20:35,80062,4,questionnaire-nvwz,,20158392,pn3gbh8i,5977735,,complete,,,computer,Desktop or Laptop,Windows 10,Chrome 98.0.4758.102,1536x864,1536x746,,,,Consent form,3,"YES=left arrow,",No,BEGIN QUESTIONNAIRE,
2,1646677273647,07/03/2022 18:21:13,1646677272956,0,07/03/2022 18:21:12,80062,4,questionnaire-nvwz,,20158392,pn3gbh8i,5977735,,complete,,,computer,Desktop or Laptop,Windows 10,Chrome 98.0.4758.102,1536x864,1519x746,,,,Consent form,3,"YES=left arrow,",No,consent,1
3,1646677273816,07/03/2022 18:21:13,1646677272958,0,07/03/2022 18:21:12,80062,4,questionnaire-nvwz,,20158392,pn3gbh8i,5977735,,complete,,,computer,Desktop or Laptop,Windows 10,Chrome 98.0.4758.102,1536x864,1519x746,,,,Consent form,3,"YES=left arrow,",No,END QUESTIONNAIRE,37951
1,1646681983669,07/03/2022 19:39:43,1646681983474,0,07/03/2022 19:39:43,80062,4,questionnaire-nvwz,,20161438,gx7kjhbm,5978736,,complete,,,computer,Desktop or Laptop,Windows 10,Edge 98.0.1108.62,1280x720,1280x601,,,,Consent form,3,"YES=left arrow,",No,BEGIN QUESTIONNAIRE,
2,1646681989349,07/03/2022 19:39:49,1646681988936,0,07/03/2022 19:39:48,80062,4,questionnaire-nvwz,,20161438,gx7kjhbm,5978736,,complete,,,computer,Desktop or Laptop,Windows 10,Edge 98.0.1108.62,1280x720,1263x601,,,,Consent form,3,"YES=left arrow,",No,consent,1
3,1646681989421,07/03/2022 19:39:49,1646681988939,0,07/03/2022 19:39:48,80062,4,questionnaire-nvwz,,20161438,gx7kjhbm,5978736,,complete,,,computer,Desktop or Laptop,Windows 10,Edge 98.0.1108.62,1280x720,1263x601,,,,Consent form,3,"YES=left arrow,",No,END QUESTIONNAIRE,5466
1,1646682423594,07/03/2022 19:47:03,1646682421941,0,07/03/2022 19:47:01,80062,4,questionnaire-nvwz,,20161927,h5fcfldd,5978955,,complete,,,computer,Desktop or Laptop,Windows 10,Firefox 97.0,1366x768,1366x643,,,,Consent form,3,"YES=left arrow,",No,BEGIN QUESTIONNAIRE,
2,1646682481608,07/03/2022 19:48:01,1646682480046,0,07/03/2022 19:48:00,80062,4,questionnaire-nvwz,,20161927,h5fcfldd,5978955,,complete,,,computer,Desktop or Laptop,Windows 10,Firefox 97.0,1366x768,1349x643,,,,Consent form,3,"YES=left arrow,",No,consent,1
3,1646682481702,07/03/2022 19:48:01,1646682480048,0,07/03/2022 19:48:00,80062,4,questionnaire-nvwz,,20161927,h5fcfldd,5978955,,complete,,,computer,Desktop or Laptop,Windows 10,Firefox 97.0,1366x768,1349x643,,,,Consent form,3,"YES=left arrow,",No,END QUESTIONNAIRE,58107
1,1646684302960,07/03/2022 20:18:22,1646684182495,11,08/03/2022 07:16:22,80062,4,questionnaire-nvwz,,20163403,1b94sxl7,5979748,,complete,,,computer,Desktop or Laptop,Windows 10,Chrome 98.0.4758.102,1366x768,1366x625,,,,Consent form,3,"YES=right arrow,",No,BEGIN QUESTIONNAIRE,
2,1646684350636,07/03/2022 20:19:10,1646684230194,11,08/03/2022 07:17:10,80062,4,questionnaire-nvwz,,20163403,1b94sxl7,5979748,,complete,,,computer,Desktop or Laptop,Windows 10,Chrome 98.0.4758.102,1366x768,1349x625,,,,Consent form,3,"YES=right arrow,",No,consent,1
3,1646684350919,07/03/2022 20:19:10,1646684230196,11,08/03/2022 07:17:10,80062,4,questionnaire-nvwz,,20163403,1b94sxl7,5979748,,complete,,,computer,Desktop or Laptop,Windows 10,Chrome 98.0.4758.102,1366x768,1349x625,,,,Consent form,3,"YES=right arrow,",No,END QUESTIONNAIRE,47701
1,1646721160122,08/03/2022 06:32:40,1646721159159,-5,08/03/2022 01:32:39,80062,4,questionnaire-nvwz,,20176058,9yyjl0zg,5984667,,complete,,,computer,Desktop or Laptop,Windows 10,Chrome 99.0.4844.51,1280x720,1280x569,,,,Consent form,3,"YES=left arrow,",No,BEGIN QUESTIONNAIRE,
2,1646721176250,08/03/2022 06:32:56,1646721175339,-5,08/03/2022 01:32:55,80062,4,questionnaire-nvwz,,20176058,9yyjl0zg,5984667,,complete,,,computer,Desktop or Laptop,Windows 10,Chrome 99.0.4844.51,1280x720,1263x569,,,,Consent form,3,"YES=left arrow,",No,consent,1
3,1646721176367,08/03/2022 06:32:56,1646721175340,-5,08/03/2022 01:32:55,80062,4,questionnaire-nvwz,,20176058,9yyjl0zg,5984667,,complete,,,computer,Desktop or Laptop,Windows 10,Chrome 99.0.4844.51,1280x720,1263x569,,,,Consent form,3,"YES=left arrow,",No,END QUESTIONNAIRE,16181
1,1652910744012,18/05/2022 21:52:24,1652910743867,3,19/05/2022 00:52:23,80062,4,questionnaire-nvwz,,21977613,lwepnjqk,6488085,,complete,,,computer,Desktop or Laptop,Windows 10,Chrome 101.0.4951.67,1967x1106,1968x963,,,,Consent form,3,"YES=right arrow,",No,BEGIN QUESTIONNAIRE,
2,1652910914297,18/05/2022 21:55:14,1652910914064,3,19/05/2022 00:55:14,80062,4,questionnaire-nvwz,,21977613,lwepnjqk,6488085,,complete,,,computer,Desktop or Laptop,Windows 10,Chrome 101.0.4951.67,1967x1106,1951x963,,,,Consent form,3,"YES=right arrow,",No,consent,1
3,1652910914397,18/05/2022 21:55:14,1652910914065,3,19/05/2022 00:55:14,80062,4,questionnaire-nvwz,,21977613,lwepnjqk,6488085,,complete,,,computer,Desktop or Laptop,Windows 10,Chrome 101.0.4951.67,1967x1106,1951x963,,,,Consent form,3,"YES=right arrow,",No,END QUESTIONNAIRE,170199
END OF FILE
